REGION,K-12 SCHOOLS,DIVISION,DATE ANNOUNCED,Earliest Exposure,Earliest + 14 days,Lastest + 14 days,POSSIBLE OUTBREAK,CASES,Total Cases,GRADE LEVELS,DAYS OF EXPOSURE,,,,,,,,,,,,,,,,,,
WINNIPEG,"Churchill High School 
 (510 Hay Street)",WSD,"September 9, 2020","September8,2020","September22,2020","September22,2020",0,1,1,7-12,14,,,,,,,,,,,,,,,,,,
WINNIPEG,"Daniel McIntyre Collegiate Institute 
 (720 Alverstone St)",WSD,"September 13, 2020",September 9,September 23,September 23,0,1,1,9-12,14,,,,,,,,,,,,,,,,,,
WINNIPEG,"Beaverlodge School 
 (6691 Rannock Ave)",PTSD,"September 14, 2020?","September 10, 2020","September 24, 2020","September 24, 2020",0,1,1,K-5,14,,,,,,,,,,,,,,,,,,
WINNIPEG,"St. Aidan's Christian School 
 (400 Hargrave St.)",INDEPENDENT,"September 15, 2020?",September 10,September 24,September 24,0,1,1,K-12,14,,,,,,,,,,,,,,,,,,
WINNIPEG,"Collège Garden City Collegiate 
 (711 Jefferson Avenue)",SOSD,"September 20, 2020",September 14,September 28,September 28,0,1,1,9-12,14,,,,,,,,,,,,,,,,,,
WINNIPEG,"St John's-Ravenscourt School 
 (400 South Drive)",INDEPENDENT,"September 25, 2020",September 14,September 28,September 28,0,1,1,K-12,14,,,,,,,,,,,,,,,,,,
WINNIPEG,"Emerson School 
 (323 Emerson Ave)",RETSD,"September 22, 2020",15-Sep,29-Sep,29-Sep,0,1,2,K-5,14,,,,,,,,,,,,,,,,,,
WINNIPEG,"John W Gunn Middle School 
 (351 Harold Ave W)",RETSD,"September 25, 2020",September 16,September 30,September 30,0,1,1,6-8,14,,,,,,,,,,,,,,,,,,
WINNIPEG,"Gordon Bell High School 
 (3 Borrowman Place)",WSD,"September 18, 2020","September 17, 2020","October 1, 2020","October 1, 2020",0,1,1,7-12,14,,,,,,,,,,,,,,,,,,
WINNIPEG,"St. Maurice School 
 (1639 Pembina Hwy)",INDEPENDENT,"September 22, 2020",September 17,October 1,October 1,1,1,2,K-12,14,,,,,,,,,,,,,,,,,,
WINNIPEG,"River East Collegiate School 
 (295 Sutton Ave.)",RETSD,"September 24, 2020","September 18, 2020","October 2, 2020","October 2, 2020",0,1,1,9-12,14,,,,,,,,,,,,,,,,,,
WINNIPEG,"École Précieux-Sang 
 (209 Kenny St)",DSFM,"September 25, 2020","September 18, 2020","October 2, 2020","October 2, 2020",0,1,1,K-8,14,,,,,,,,,,,,,,,,,,
WINNIPEG,"Sisler High School 
 (1360 Redwood Ave)",WSD,"September 27, 2020","September 18, 2020","October 2, 2020","October 2, 2020",0,1,1,9-12,14,,,,,,,,,,,,,,,,,,
WINNIPEG,"Grant Park High School 
 (450 Nathanial St)",WSD,"September 23, 2020","September 23, 2020","October 7, 2020","October 7, 2020",0,1,1,7-12,14,,,,,,,,,,,,,,,,,,
WINNIPEG,"IQRA School 
 (404 Webb Place)",INDEPENDENT,"September 28, 2020",September 22,October 7,October 7,1,1,2,K-8,15,,,,,,,,,,,,,,,,,,
WINNIPEG,"École Charleswood School 
 (505 Oakdale Dr)",PTSD,"October 6, 2020",September 24,October 8,October 8,0,1,1,5-8,14,,,,,,,,,,,,,,,,,,
WINNIPEG,"Glenlawn Collegiate 
 (770 St Mary's Rd)",LRSD,"September 29, 2020","September 25, 2020","October 9, 2020","October 9, 2020",0,1,1,9-12,14,,,,,,,,,,,,,,,,,,
WINNIPEG,"Hugh John Macdonald School 
 (567 Bannatyne Ave.)",WSD,"October 1, 2020","September 28, 2020","October 12, 2020","October 12, 2020",0,1,1,7-9,14,,,,,,,,,,,,,,,,,,
WINNIPEG,"Andrew Mynarski VC 
 (1111 Machray Ave.)",WSD,"October 4, 2020",September 28,October 12,October 12,0,1,1,7-9,14,,,,,,,,,,,,,,,,,,
WINNIPEG,"École Seven Oaks Middle School 
 (800 Salter Street)",SOSD,"October 7, 2020",September 28,October 12,October 12,0,1,1,6-8,14,,,,,,,,,,,,,,,,,,
WINNIPEG,"University of Winnipeg Collegiate
 (515 Portage Ave.)",INDEPENDENT,"October 8, 2020",September 28,October 12,October 12,0,1,1,9-12,14,,,,,,,,,,,,,,,,,,
WINNIPEG,"O.V. Jewitt Community School
 (6 Neville Street)",SOSD,"October 9, 2020",September 28,October 12,October 12,0,1,1,K-8,14,,,,,,,,,,,,,,,,,,
WINNIPEG,"Ecole Taché 
 (744 Rue Langevin)",DSFM,"October 15, 2020",September 28,October 12,October 12,0,1,1,K-6,14,,,,,,,,,,,,,,,,,,
WINNIPEG,"Earl Grey School 
 (340 Cockburn St. N.)",WSD,"October 7, 2020",September 29,October 13,October 13,0,1,1,K-8,14,,,,,,,,,,,,,,,,,,
WINNIPEG,"Kildonan East Collegiate
 (845 Concordia Ave.)",RETSD,"October 9, 2020",September 29,October 13,October 13,0,1,1,9-12,14,,,,,,,,,,,,,,,,,,
WINNIPEG,"Faraday School 
 (405 Parr Ave.)",WSD,"October 9, 2020",September 29,October 13,October 13,0,1,1,K-6,14,,,,,,,,,,,,,,,,,,
WINNIPEG,"Shaughnessy Park School
 (1641 Manitoba Ave.)",WSD,"October 11, 2020",September 29,October 13,October 13,0,1,1,K-8,14,,,,,,,,,,,,,,,,,,
WINNIPEG,"Dufferin School 
 (545 Alexander Ave.)",WSD,"October 5, 2020",September 28,October 12,October 14,1,1,2,K-6,16,,,,,,,,,,,,,,,,,,
WINNIPEG,"St. Joseph the Worker
 (505 Brewster St.)",INDEPENDENT,"October 11, 2020",October 1,October 15,October 15,0,1,1,K-6,14,,,,,,,,,,,,,,,,,,
WINNIPEG,"The King's School 
 (851 Panet Rd.)",INDEPENDENT,"October 15, 2020","October 2, 2020","October 16, 2020","October 16, 2020",0,1,1,K-12,14,,,,,,,,,,,,,,,,,,
WINNIPEG,"Hampstead School 
 (950 Hampstead Ave.)",RETSD,"October 15, 2020","October 2, 2020","October 16, 2020","October 16, 2020",0,1,1,K-5,14,,,,,,,,,,,,,,,,,,
WINNIPEG,"Elwick Community School
 (30 Maberly Road)",SOSD,"October 11, 2020","October 5, 2020","October 19, 2020","October 19, 2020",0,1,1,K-8,14,,,,,,,,,,,,,,,,,,
WINNIPEG,"Margaret Park School
 (385 Cork Ave)",SOSD,"October 13, 2020",October 5,October 19,October 19,0,1,1,K-6,14,,,,,,,,,,,,,,,,,,
WINNIPEG,"Amber Trails Schools 
 (1575 Templeton Ave.)",SOSD,"October 14, 2020",October 5,October 19,October 19,0,1,1,K-8,14,,,,,,,,,,,,,,,,,,
WINNIPEG,"Gladstone School 
 (500 Gertrude Ave.)",WSD,"October 15, 2020",October 5,October 19,October 19,0,1,1,K-6,14,,,,,,,,,,,,,,,,,,
WINNIPEG,"Wolseley School 
 (511 Clifton Street, Winnipeg)",WSD,"October 16, 2020?",October 5,October 19,October 19,0,1,1,K-6,14,,,,,,,,,,,,,,,,,,
WINNIPEG,"River East Collegiate School 
 (295 Sutton Ave.)",,"October 18, 2020","October 6, 2020","October 20, 2020","October 20, 2020",0,1,1,9-12,14,,,,,,,,,,,,,,,,,,
WINNIPEG,"St Norbert Collegiate 
 (870 Ste.Thérèse Ave.)",SRSD,"October 15, 2020","October 6, 2020","October 20, 2020","October 20, 2020",0,1,1,9-12,14,,,,,,,,,,,,,,,,,,
WINNIPEG,"Victory School
 (395 Jefferson Ave.)",SOSD,"October 14, 2020",October 6,October 20,October 20,1,2,2,K-5,14,,,,,,,,,,,,,,,,,,
WINNIPEG,"École secondaire Oak Park High School
 (820 Charleswood Rd)",PTSD,"October 18, 2020","October 6, 2020","October 20, 2020","October 20, 2020",0,1,1,9-12,14,,,,,,,,,,,,,,,,,,
WINNIPEG,"Bird’s Hill School
 (Raleigh St. in East St Paul)",RETSD,"October 11, 2020",30-Sep,14-Oct,October 21,1,1,5,K-5,21,,,,,,,,,,,,,,,,,,
WINNIPEG,"Darwin School 
 (176 Darwin St.)",LRSD,"October 15, 2020","October 7, 2020","October 21, 2020","October 21, 2020",0,1,1,K-8,14,,,,,,,,,,,,,,,,,,
WINNIPEG,"Machray School 
 (320 Mountain Avenue)",WSD,"October 18, 2020?",October 8,October 22,October 22,0,1,1,K-6,14,,,,,,,,,,,,,,,,,,
WINNIPEG,"River Elm School 
 (500 Riverton Avenue)",WSD,"October 18, 2020?",October 8,October 22,October 22,0,1,1,K-6,14,,,,,,,,,,,,,,,,,,
WINNIPEG,"École Margaret-Underhill
(25 Regina Pl)",RETSD,"October 21, 2020","October 8, 2020","October 22, 2020","October 22, 2020",0,1,1,K-4,14,,,,,,,,,,,,,,,,,,
WINNIPEG,"Ecole South Pointe School
 (615 Kirkbridge Drive)",PTSD,"October 17, 2020","October 9, 2020","October 23, 2020","October 23, 2020",0,1,1,K-8,14,,,,,,,,,,,,,,,,,,
WINNIPEG,"John W Gunn Middle School 
 (351 Harold Ave W)",RETSD,"October 25, 2020",October 13,October 27,October 27,0,1,1,6-8,14,,,,,,,,,,,,,,,,,,
WINNIPEG,"University of Winnipeg Collegiate
 (515 Portage Ave.)",INDEPENDENT,"October 21, 2020",October 13,October 27,October 27,1,2,2,9-12,14,,,,,,,,,,,,,,,,,,
WINNIPEG,"École Templeton
 (1310 Templeton Ave.)",SOSD,"October 14, 2020",October 6,October 20,October 27,1,1,2,K-5,21,,,,,,,,,,,,,,,,,,
WINNIPEG,"École Leila North
 (20 Allan Blye Drive)",SOSD,"October 14, 2020",October 6,October 20,October 27,1,1,3,6-8,21,,,,,,,,,,,,,,,,,,
WINNIPEG,"Victor H L Wyatt School
 (485 Meadowood Dr)",LRSD,"October 18, 2020",October 13,October 27,October 27,0,1,1,K-8,14,,,,,,,,,,,,,,,,,,
WINNIPEG,"Mennonite Brethren Collegiate Institute
 (173 Talbot Ave)",INDEPENDENT,"October 20, 2020","October 13, 2020","October 27, 2020","October 27, 2020",0,1,1,6-12,14,,,,,,,,,,,,,,,,,,
WINNIPEG,"Cecil Rhodes School
(1570 Elgin Ave W)",WSD,"October 22, 2020","October 13, 2020","October 27, 2020","October 27, 2020",0,1,1,K-9,14,,,,,,,,,,,,,,,,,,
WINNIPEG,"Christ the King School 
 (12 Lennox Ave.)",INDEPENDENT,"October 15, 2020","October 14, 2020","October 28, 2020","October 28, 2020",1,2,2,K-8,14,,,,,,,,,,,,,,,,,,
WINNIPEG,"Ecole Tuxedo Park School
(2300 Corydon Ave)",PTSD,"October 23, 2020","October 14, 2020","October 28, 2020","October 28, 2020",0,1,1,K-4,14,,,,,,,,,,,,,,,,,,
WINNIPEG,"Governor Semple School 
(150 Hartford Ave)",SOSD,"October 23, 2020","October 14, 2020","October 28, 2020","October 28, 2020",0,1,1,K-5,14,,,,,,,,,,,,,,,,,,
WINNIPEG,"St. Maurice School 
 (1639 Pembina Hwy)",INDEPENDENT,"October 26, 2020","October 19, 2020","November 2, 2020","November 2, 2020",1,2,2,K-12,14,,,,,,,,,,,,,,,,,,
WINNIPEG,"Hugh John Macdonald School 
 (567 Bannatyne Ave.)",WSD,"October 25, 2020","October 19, 2020","November 2, 2020","November 2, 2020",0,1,1,7-9,14,,,,,,,,,,,,,,,,,,
WINNIPEG,"Acadia Junior High
 (175 Killarney Ave)",PTSD,"October 13, 2020",October 5,October 19,November 2,1,1,2,7-9,28,,,,,,,,,,,,,,,,,,
WINNIPEG,"Al Hijra school 
 (410 Desalaberry Ave.)",INDEPENDENT,"October 15, 2020?","October 5, 2020","October 19, 2020","November 2, 2020",1,1,2,K-9,28,,,,,,,,,,,,,,,,,,
WINNIPEG,"Windsor Park Collegiate 
 (1015 Cottonwood Rd.)",LRSD,"October 16, 2020?",October 8,October 22,November 2,1,1,2,7-12,25,,,,,,,,,,,,,,,,,,
WINNIPEG,"Robert Andrews Middle School
 (3230 Manlius St.)",RETSD,"October 18, 2020",October 6,October 20,November 2,1,1,2,6-8,27,,,,,,,,,,,,,,,,,,
WINNIPEG,"École Constable Edward Finney School
(25 Anglia Avenue)",SOSD,"October 22, 2020",October 19,November 2,November 2,0,1,1,K-5,14,,,,,,,,,,,,,,,,,,
WINNIPEG,"St. Aidan's Christian School 
 (400 Hargrave St.)",INDEPENDENT,"October 29, 2020",October 20,November 3,November 3,0,1,1,K-12,14,,,,,,,,,,,,,,,,,,
WINNIPEG,"St Mary's Academy
 (550 Wellington Crescent)",INDEPENDENT,"October 15, 2020","October 14, 2020","October 28, 2020","November 3, 2020",1,1,2,7-12,20,,,,,,,,,,,,,,,,,,
WINNIPEG,"Hampstead School 
 (950 Hampstead Ave.)",RETSD,"October 25, 2020?","October 20, 2020","November 3, 2020","November 3, 2020",0,1,1,K-5,14,,,,,,,,,,,,,,,,,,
WINNIPEG,"Principal Sparling School 
(1150 Sherburn St)",WSD,"October 24, 2020",October 13,October 27,November 3,1,1,3,K-6,21,,,,,,,,,,,,,,,,,,
WINNIPEG,"Churchill High School 
 (510 Hay Street)",WSD,"October 15, 2020",October 7,October 21,November 4,1,1,3,7-12,28,,,,,,,,,,,,,,,,,,
WINNIPEG,"Daniel McIntyre Collegiate Institute 
 (720 Alverstone St)",WSD,"October 12, 2020",September 29,October 13,November 4,1,1,10,9-12,36,,,,,,,,,,,,,,,,,,
WINNIPEG,"Technical Vocational High School 
 (1555 Wall St.)",WSD,"October 17, 2020",October 7,October 21,November 4,1,1,5,9-12,28,,,,,,,,,,,,,,,,,,
WINNIPEG,"St Emile Catholic School
(552 St. Anne’s Road)",INDEPENDENT,"October 22, 2020","October 14, 2020","October 28, 2020",November 5,1,1,2,K-8,22,,,,,,,,,,,,,,,,,,
WINNIPEG,"John Taylor Collegiate
 (470 Hamilton Ave)",SJASD,"October 19, 2020",October 13,October 27,"November 6, 2020",1,1,2,9-12,24,,,,,,,,,,,,,,,,,,
WINNIPEG,"Collège Garden City Collegiate 
 (711 Jefferson Avenue)",SOSD,"November 2, 2020",October 26,November 9,November 9,1,1,8,9-12,14,,,,,,,,,,,,,,,,,,
WINNIPEG,"Kildonan East Collegiate
 (845 Concordia Ave.)",RETSD,"November 8, 2020","October 26, 2020","November 9, 2020","November 9, 2020",0,1,1,9-12,14,,,,,,,,,,,,,,,,,,
WINNIPEG,"The King's School 
 (851 Panet Rd.)",INDEPENDENT,"November 6, 2020?",October 26,November 9,November 9,0,1,1,K-12,14,,,,,,,,,,,,,,,,,,
WINNIPEG,"Ecole South Pointe School
 (615 Kirkbridge Drive)",PTSD,"November 2, 2020","October 26, 2020","November 9, 2020","November 9, 2020",1,1,2,K-8,14,,,,,,,,,,,,,,,,,,
WINNIPEG,"Gladstone School 
 (500 Gertrude Ave.)",WSD,"October 29, 2020",October 21,November 4,November 10,1,2,3,K-6,20,,,,,,,,,,,,,,,,,,
WINNIPEG,"West Kildonan Collegiate
(101 Ridgecrest Ave)",SOSD,"October 20, 2020","October 14, 2020","October 28, 2020","November 10, 2020",1,1,2,9-12,27,,,,,,,,,,,,,,,,,,
,"Gordon Bell High School 
 (3 Borrowman Place)",WSD,,October 21,November 4,November 12,1,1,4,7-12,22,,,,,,,,,,,,,,,,,,
WINNIPEG,"Collège Louis-Riel 
 (585, rue Saint-Jean-Baptiste)",DSFM,"September 21, 2020","September 14, 2020","September 28, 2020",November 12,1,1,18,7-12,59,,,,,,,,,,,,,,,,,,
WINNIPEG,"École Seven Oaks Middle School 
 (800 Salter Street)",SOSD,"November 2, 2020",October 19,November 2,November 12,1,1,2,6-8,24,,,,,,,,,,,,,,,,,,
WINNIPEG,"Governor Semple School 
(150 Hartford Ave)",SOSD,"November 8, 2020","October 30, 2020","November 13, 2020","November 13, 2020",0,1,1,K-5,14,,,,,,,,,,,,,,,,,,
WINNIPEG,"Centre Scolaire Léo-Rémillard
(1095 St Anne's Rd)",DSFM,"October 24, 2020","October 16, 2020","October 30, 2020","November 13, 2020",1,3,23,9-12,28,,,,,,,,,,,,,,,,,,
WINNIPEG,"St John's-Ravenscourt School 
 (400 South Drive)",INDEPENDENT,"October 6, 2020",September 30,October 14,November 16,1,1,5,K-12,47,,,,,,,,,,,,,,,,,,
WINNIPEG,"Glenlawn Collegiate 
 (770 St Mary's Rd)",LRSD,"October 26, 2020","October 13, 2020","October 27, 2020",November 16,1,1,8,9-12,34,,,,,,,,,,,,,,,,,,
WINNIPEG,"O.V. Jewitt Community School
 (6 Neville Street)",SOSD,"November 1, 2020?",October 19,November 2,November 16,1,1,2,K-8,28,,,,,,,,,,,,,,,,,,
WINNIPEG,"Dakota Collegiate Institute
 (661 Dakota St.)",LRSD,"October 12, 2020","October 6, 2020","October 20, 2020",November 16,1,1,7,9-12,41,,,,,,,,,,,,,,,,,,
WINNIPEG,"River East Collegiate School 
 (295 Sutton Ave.)",RETSD,"November 8, 2020",November 2,November 17,2020-11-17,1,1,2,9-12,15,,,,,,,,,,,,,,,,,,
WINNIPEG,"Sisler High School 
 (1360 Redwood Ave)",WSD,"October 18, 2020",October 8,October 22,November 17,1,1,4,9-12,40,,,,,,,,,,,,,,,,,,
WINNIPEG,"Bird’s Hill School
 (Raleigh St. in East St Paul)",RETSD,"November 3, 2020","November 3, 2020","November 17, 2020","November 17, 2020",1,6,6,K-5,14,,,,,,,,,,,,,,,,,,
WINNIPEG,"Amber Trails Schools 
 (1575 Templeton Ave.)",SOSD,"November 2, 2020",October 26,November 9,November 17,1,1,2,K-8,22,,,,,,,,,,,,,,,,,,
WINNIPEG,"École Templeton
 (1310 Templeton Ave.)",SOSD,"November 9, 2020",November 3,November 17,November 17,0,1,1,K-5,14,,,,,,,,,,,,,,,,,,
WINNIPEG,"École Leila North
 (20 Allan Blye Drive)",SOSD,"November 12, 2020?",November 3,November 17,November 17,0,1,1,6-8,14,,,,,,,,,,,,,,,,,,
WINNIPEG,"St. John's High School
(401 Church Ave)",WSD,"October 24, 2020",October 15,October 29,November 17,1,1,13,7-12,33,,,,,,,,,,,,,,,,,,
WINNIPEG,"Grant Park High School 
 (450 Nathanial St)",WSD,"October 23, 2020","October 13, 2020","October 27, 2020",November 18,1,1,4,7-12,36,,,,,,,,,,,,,,,,,,
WINNIPEG,"Sargent Park School 
(2 Sargent Park Place)",WSD,"October 19, 2020","October 13, 2020",November 18,November 18,1,1,5,K-9,36,,,,,,,,,,,,,,,,,,
WINNIPEG,"Maples Collegiate
(1330 Jefferson Ave)",SOSD,"October 20, 2020","October 14, 2020","October 28, 2020","November 20, 2020",1,1,6,9-12,37,,,,,,,,,,,,,,,,,,
WINNIPEG,"École Constable Edward Finney School
(25 Anglia Avenue)",SOSD,"November 12, 2020","November 6, 2020","November 20, 2020","November 20, 2020",1,2,2,K-5,14,,,,,,,,,,,,,,,,,,
WINNIPEG,"Mennonite Brethren Collegiate Institute
 (173 Talbot Ave)",INDEPENDENT,"November 3, 2020","October 28, 2020","November 11, 2020","November 25, 2020",0,1,1,6-12,28,,,,,,,,,,,,,,,,,,
WINNIPEG,"John Pritchard School 
 (1490 Henderson Hwy.)",RETSD,"September 13, 2020",September 8,September 22,,1,1,28,K-8,,,,,,,,,,,,,,,,,,,
WINNIPEG,,,,,,,,,,,,,,,,,,,,,,,,,,,,,
WINNIPEG,,,,,,,,,,,,,,,,,,,,,,,,,,,,,
WINNIPEG,,,,,,,,,,,,,,,,,,,,,,,,,,,,,
WINNIPEG,,,,,,,,,,,,,,,,,,,,,,,,,,,,,
WINNIPEG,,,,,,,,,,,,,,,,,,,,,,,,,,,,,
WINNIPEG,,,,,,,,,,,,,,,,,,,,,,,,,,,,,
WINNIPEG,,,,,,,,,,,,,,,,,,,,,,,,,,,,,
WINNIPEG,,,,,,,,,,,,,,,,,,,,,,,,,,,,,
WINNIPEG,,,,,,,,,,,,,,,,,,,,,,,,,,,,,
WINNIPEG,,,,,,,,,,,,,,,,,,,,,,,,,,,,,
WINNIPEG,,,,,,,,,,,,,,,,,,,,,,,,,,,,,
WINNIPEG,,,,,,,,,,,,,,,,,,,,,,,,,,,,,
WINNIPEG,,,,,,,,,,,,,,,,,,,,,,,,,,,,,
WINNIPEG,,,,,,,,,,,,,,,,,,,,,,,,,,,,,
WINNIPEG,,,,,,,,,,,,,,,,,,,,,,,,,,,,,
WINNIPEG,,,,,,,,,,,,,,,,,,,,,,,,,,,,,
WINNIPEG,,,,,,,,,,,,,,,,,,,,,,,,,,,,,
WINNIPEG,,,,,,,,,,,,,,,,,,,,,,,,,,,,,
WINNIPEG,,,,,,,,,,,,,,,,,,,,,,,,,,,,,
WINNIPEG,,,,,,,,,,,,,,,,,,,,,,,,,,,,,
WINNIPEG,,,,,,,,,,,,,,,,,,,,,,,,,,,,,
WINNIPEG,,,,,,,,,,,,,,,,,,,,,,,,,,,,,
WINNIPEG,,,,,,,,,,,,,,,,,,,,,,,,,,,,,
WINNIPEG,,,,,,,,,,,,,,,,,,,,,,,,,,,,,
WINNIPEG,,,,,,,,,,,,,,,,,,,,,,,,,,,,,
WINNIPEG,,,,,,,,,,,,,,,,,,,,,,,,,,,,,
WINNIPEG,,,,,,,,,,,,,,,,,,,,,,,,,,,,,
WINNIPEG,,,,,,,,,,,,,,,,,,,,,,,,,,,,,
WINNIPEG,,,,,,,,,,,,,,,,,,,,,,,,,,,,,
WINNIPEG,,,,,,,,,,,,,,,,,,,,,,,,,,,,,
WINNIPEG,,,,,,,,,,,,,,,,,,,,,,,,,,,,,
WINNIPEG,,,,,,,,,,,,,,,,,,,,,,,,,,,,,
WINNIPEG,,,,,,,,,,,,,,,,,,,,,,,,,,,,,
WINNIPEG,,,,,,,,,,,,,,,,,,,,,,,,,,,,,
WINNIPEG,,,,,,,,,,,,,,,,,,,,,,,,,,,,,
WINNIPEG,,,,,,,,,,,,,,,,,,,,,,,,,,,,,
,,,,,,,,,,,,,,,,,,,,,,,,,,,,,
WINNIPEG,,,,,,,,,,,,,,,,,,,,,,,,,,,,,
,,,,,,,,,,,,,,,,,,,,,,,,,,,,,
,,,,,,,,,,,,,,,,,,,,,,,,,,,,,
WINNIPEG,,,,,,,,,,,,,,,,,,,,,,,,,,,,,
WINNIPEG,,,,,,,,,,,,,,,,,,,,,,,,,,,,,
,,,,,,,,,,,,,,,,,,,,,,,,,,,,,
WINNIPEG,,,,,,,,,,,,,,,,,,,,,,,,,,,,,
WINNIPEG,,,,,,,,,,,,,,,,,,,,,,,,,,,,,
WINNIPEG,,,,,,,,,,,,,,,,,,,,,,,,,,,,,
WINNIPEG,"Island Lakes Community School 
(445 Island Shore Blvd)",LRSD,"October 24, 2020",October 14,October 28,November 16,1,1,4,K-8,,,,,,,,,,,,,,,,,,,
WINNIPEG,,,,,,,,,,,,,,,,,,,,,,,,,,,,,
WINNIPEG,,,,,,,,,,,,,,,,,,,,,,,,,,,,,
WINNIPEG,,,,,,,,,,,,,,,,,,,,,,,,,,,,,
WINNIPEG,"Maples Met School 
(1330 Jefferson Ave)",SOSD,"October 24, 2020?","October 15, 2020","October 29, 2020","October 29, 2020",1,1,1,9-12,,,,,,,,,,,,,,,,,,,
WINNIPEG,"Our Lady of Victory School 
(249 Arnold Avenue)",INDEPENDENT,"October 24, 2020?",October 14,October 28,November 3,1,1,2,K-8,,,,,,,,,,,,,,,,,,,
WINNIPEG,,,,,,,,,,,,,,,,,,,,,,,,,,,,,
WINNIPEG,"Fort Richmond Collegiate
(99 Killarney Ave)",PTSD,"October 25, 2020",October 14,October 28,November 4,1,1,2,10-12,,,,,,,,,,,,,,,,,,,
WINNIPEG,,,,,,,,,,,,,,,,,,,,,,,,,,,,,
WINNIPEG,"École Roméo-Dallaire 
(81 Quail Ridge Road)",DSFM,"October 25, 2020",October 14,October 28,"November 9, 2020",1,1,4,K-8,,,,,,,,,,,,,,,,,,,
WINNIPEG,,,,,,,,,,,,,,,,,,,,,,,,,,,,,
,,,,,,,,,,,,,,,,,,,,,,,,,,,,,
WINNIPEG,,,,,,,,,,,,,,,,,,,,,,,,,,,,,
WINNIPEG,"Glenelm School
(96 Carmen Ave)",WSD,"October 25, 2020","October 16, 2020","October 30, 2020","October 30, 2020",1,2,2,K-6,,,,,,,,,,,,,,,,,,,
WINNIPEG,"Minnetonka School
(200 Minnetonka St.)",LRSD,"October 25, 2020?",October 13,October 27,November 12,1,1,3,K-8,,,,,,,,,,,,,,,,,,,
WINNIPEG,,,,,,,,,,,,,,,,,,,,,,,,,,,,,
WINNIPEG,,,,,,,,,,,,,,,,,,,,,,,,,,,,,
WINNIPEG,"École Viscount Alexander
(810 Waterford Ave)",PTSD,"October 25, 2020","October 19, 2020","November 2, 2020","November 6, 2020",1,1,2,5-8,,,,,,,,,,,,,,,,,,,
WINNIPEG,,,,,,,,,,,,,,,,,,,,,,,,,,,,,
WINNIPEG,"Transcona Collegiate
(1305 Winona St.)",RETSD,"October 26, 2020","October 19, 2020","November 2, 2020",November 10,1,1,5,9-12,,,,,,,,,,,,,,,,,,,
WINNIPEG,,,,,,,,,,,,,,,,,,,,,,,,,,,,,
WINNIPEG,,,,,,,,,,,,,,,,,,,,,,,,,,,,,
WINNIPEG,,,,,,,,,,,,,,,,,,,,,,,,,,,,,
WINNIPEG,"Gonzaga Middle School
(174 Maple St N)",INDEPENDENT,"October 26, 2020?",October 12,October 26,October 26,0,1,1,6-8,,,,,,,,,,,,,,,,,,,
WINNIPEG,"École Varennes 
(22 Varennes Ave)",LRSD,"October 26, 2020",October 19,November 2,November 16,1,1,3,K-8,,,,,,,,,,,,,,,,,,,
WINNIPEG,,,,,,,,,,,,,,,,,,,,,,,,,,,,,
WINNIPEG,,,,,,,,,,,,,,,,,,,,,,,,,,,,,
WINNIPEG,"Tyndall Park School 
(2221 King Edward St)",WSD,"October 26, 2020","October 13, 2020","October 27, 2020",November 4,1,1,2,K-6,,,,,,,,,,,,,,,,,,,
WINNIPEG,,,,,,,,,,,,,,,,,,,,,,,,,,,,,
WINNIPEG,"École Howden
(150 Howden Rd)",LRSD,"October 27, 2020",October 19,November 2,November 2,0,1,1,K-6,,,,,,,,,,,,,,,,,,,
WINNIPEG,"The Manitoba School for the Deaf 
(242 Stradford St.)",INSTITUTIONAL,"October 27, 2020?",October 19,November 2,November 2,0,1,1,K-12,,,,,,,,,,,,,,,,,,,
WINNIPEG,,,"October 27, 2020",,,,,,,,,,,,,,,,,,,,,,,,,,
WINNIPEG,"Linwood School 
(266 Linwood St.)",SJASD,"October 28, 2020",October 14,October 28,October 28,0,1,1,K-5,,,,,,,,,,,,,,,,,,,
WINNIPEG,"École Garden Grove
(2340 Burrows Ave)",WSD,"October 27, 2020",October 20,November 3,November 6,1,1,3,K-6,,,,,,,,,,,,,,,,,,,
WINNIPEG,,,,,,,,,,,,,,,,,,,,,,,,,,,,,
WINNIPEG,,,,,,,,,,,,,,,,,,,,,,,,,,,,,
WINNIPEG,"Elmwood High School
(505 Chalmers Ave)",WSD,"October 28, 2020","October 19, 2020","November 2, 2020",November 11,1,1,2,7-12,,,,,,,,,,,,,,,,,,,
WINNIPEG,,,,,,,,,,,,,,,,,,,,,,,,,,,,,
WINNIPEG,"Miles Macdonell Collegiate
(757 Roch St)",RETSD,"October 28, 2020","October 19, 2020","November 2, 2020",November 12,1,1,2,9-12,,,,,,,,,,,,,,,,,,,
WINNIPEG,,,,,,,,,,,,,,,,,,,,,,,,,,,,,
WINNIPEG,"Bernie Wolfe School
(95 Bournais Dr)",RETSD,"October 28, 2020","October 19, 2020","November 2, 2020","November 2, 2020",0,1,1,K-8,,,,,,,,,,,,,,,,,,,
WINNIPEG,"Bernie Wolfe School
(95 Bournais Dr)",RETSD,"School notified November 11, 2020
Public Health November 12, 2020","November 6, 2020","November 20, 2020","November 20, 2020",0,1,1,K-8,,,,,,,,,,,,,,,,,,,
WINNIPEG,"Collicutt School
(75 Cottingham St)",SOSD,"October 24, 2020","October 14, 2020","October 28, 2020","October 28, 2020",0,1,1,K-5,,,,,,,,,,,,,,,,,,,
WINNIPEG,"Collicutt School
(75 Cottingham St)",,"November 9, 2020",November 2,November 16,November 16,1,2,2,K-5,,,,,,,,,,,,,,,,,,,
WINNIPEG,"General Wolfe School
(661 Banning St)",WSD,"October 28, 2020",October 20,November 3,November 3,0,1,1,7-9,,,,,,,,,,,,,,,,,,,
WINNIPEG,"Pinkham School 
(765 Pacific Ave Winnipeg)",WSD,"October 29, 2020?",October 21,November 4,November 4,0,1,1,K-6,,,,,,,,,,,,,,,,,,,
WINNIPEG,"École George McDowell
(366 Paddington)",LRSD,"October 30, 2020","October 22, 2020","November 5, 2020","November 5, 2020",0,1,1,6-8,,,,,,,,,,,,,,,,,,,
WINNIPEG,"École Sacré-Coeur School
(809 Furby St)",WSD,"October 30, 2020","October 19, 2020","November 2, 2020",November 16,1,2,3,K-8,,,,,,,,,,,,,,,,,,,
WINNIPEG,,,,,,,,,,,,,,,,,,,,,,,,,,,,,
,"Samuel Burland School 
(192 Burland Ave)",,,October 21,November 4,November 5,1,1,2,K-8,,,,,,,,,,,,,,,,,,,
WINNIPEG,,,,,,,,,,,,,,,,,,,,,,,,,,,,,
WINNIPEG,"Red River Valley Junior Academy 
(56 Grey St.)",INDEPENDENT,"October 30, 2020?",October 21,November 4,November 9,1,1,2,K-12,,,,,,,,,,,,,,,,,,,
WINNIPEG,,,,,,,,,,,,,,,,,,,,,,,,,,,,,
WINNIPEG,"École Laura Secord School
(960 Wolseley Ave)",WSD,"October 31, 2020",October 21,November 4,November 4,0,1,1,K-6,,,,,,,,,,,,,,,,,,,
WINNIPEG,"École Laura Secord School
(960 Wolseley Ave)",,"November 11, 2020",November 4,November 18,November 18,0,1,1,K-6,,,,,,,,,,,,,,,,,,,
WINNIPEG,"Collège Jeanne-Sauvé
(1128 Dakota St)",LRSD,"October 31, 2020",October 21,November 4,November 11,1,1,4,9-12,,,,,,,,,,,,,,,,,,,
WINNIPEG,,,,,,,,,,,,,,,,,,,,,,,,,,,,,
,,,,,,,,,,,,,,,,,,,,,,,,,,,,,
WINNIPEG,"Dalhousie School 
(262 Dalhousie Dr.)",PTSD,"October 31, 2020",October 20,November 3,November 3,0,1,1,K-6,,,,,,,,,,,,,,,,,,,
WINNIPEG,"Linden Christian School 
(877 Wilkes Ave.)",INDEPENDENT,"October 31, 2020",October 27,November 10,"November 17, 2020",1,1,5,K-12,,,,,,,,,,,,,,,,,,,
WINNIPEG,,,,,,,,,,,,,,,,,,,,,,,,,,,,,
WINNIPEG,,,,,,,,,,,,,,,,,,,,,,,,,,,,,
WINNIPEG,,,,,,,,,,,,,,,,,,,,,,,,,,,,,
WINNIPEG,,,,,,,,,,,,,,,,,,,,,,,,,,,,,
WINNIPEG,"Shaftesbury High School
(2240 Grant Ave)",PTSD,"November 1, 2020",October 23,November 6,November 9,1,2,17,9-12,,,,,,,,,,,,,,,,,,,
WINNIPEG,,,,,,,,,,,,,,,,,,,,,,,,,,,,,
WINNIPEG,,,,,,,,,,,,,,,,,,,,,,,,,,,,,
WINNIPEG,"Oakenwald School
(666 Oakenwald Ave,)",PTSD,"November 1, 2020","October 26, 2020","November 9, 2020","November 9, 2020",1,1,1,K-6,,,,,,,,,,,,,,,,,,,
WINNIPEG,"Shamrock School
(831 Beaverhill Blvd,)",LRSD,"November 1, 2020","October 26, 2020","November 9, 2020",November 12,1,1,2,K-8,,,,,,,,,,,,,,,,,,,
WINNIPEG,,,,,,,,,,,,,,,,,,,,,,,,,,,,,
WINNIPEG,"École Guyot
(400 Willowlake Crescent)",LRSD,"November 1, 2020","October 20, 2020","November 3, 2020","November 3, 2020",0,1,1,K-7,,,,,,,,,,,,,,,,,,,
WINNIPEG,"École Dieppe
(530 Dieppe Rd)",PTSD,"November 1, 2020","October 26, 2020","November 9, 2020","November 9, 2020",0,1,1,K-4,,,,,,,,,,,,,,,,,,,
WINNIPEG,"École Munroe Middle School
(405 Munroe Ave)",RETSD,"November 1, 2020",October 26,November 9,November 9,0,1,1,6-8,,,,,,,,,,,,,,,,,,,
WINNIPEG,"Henry G Izatt Middle School
(960 Scurfield Blvd)",PTSD,"November 1, 2020","October 19, 2020","November 2, 2020","November 16, 2020",1,1,3,5-9,,,,,,,,,,,,,,,,,,,
WINNIPEG,,,,,,,,,,,,,,,,,,,,,,,,,,,,,
WINNIPEG,,,,,,,,,,,,,,,,,,,,,,,,,,,,,
WINNIPEG,"Sister MacNamara School 
(460 Sargent Ave.)",WSD,"November 1, 2020",October 26,November 9,November 12,1,1,4,K-6,,,,,,,,,,,,,,,,,,,
WINNIPEG,,,,,,,,,,,,,,,,,,,,,,,,,,,,,
WINNIPEG,,,,,,,,,,,,,,,,,,,,,,,,,,,,,
WINNIPEG,"École Christine-Lespérance
(425 John Forsyth Rd)",DSFM,"November 2, 2020",October 20,November 3,November 9,1,1,2,K-8,,,,,,,,,,,,,,,,,,,
WINNIPEG,,,,,,,,,,,,,,,,,,,,,,,,,,,,,
WINNIPEG,"Ecole Belmont
(525 Avenue Belmont)",SOSD,"November 3, 2020",October 27,November 10,November 18,1,1,3,K-5,,,,,,,,,,,,,,,,,,,
,,,,,,,,,,,,,,,,,,,,,,,,,,,,,
WINNIPEG,,,,,,,,,,,,,,,,,,,,,,,,,,,,,
WINNIPEG,"Luxton School
(111 Polson Avenue)",WSD,"November 3, 2020",22-Oct,05-Nov,19-Nov,0,1,1,K-6,,,,,,,,,,,,,,,,,,,
WINNIPEG,"Windsor School
(80 Cunnington Ave)",LRSD,"November 3, 2020",October 28,November 11,November 11,0,1,1,K-8,,,,,,,,,,,,,,,,,,,
WINNIPEG,"École Lacerte
(1101 Promenade Autumnwood)",DSFM,"School notified November 4, 2020
Public Health November 6, 2020","October 30, 2020","November 13, 2020","November 13, 2020",0,1,1,K-8,,,,,,,,,,,,,,,,,,,
WINNIPEG,"H.C. Avery School
(10 Marigold Bay)",SOSD,"November 4, 2020",October 19,November 2,November 2,0,1,1,6-8,,,,,,,,,,,,,,,,,,,
WINNIPEG,"Riverbend Community School
(123 Red River Boulevard West)",SOSD,"School notified November 3, 2020
Public Health November 5, 2020",October 29,November 12,November 12,0,1,1,K-5,,,,,,,,,,,,,,,,,,,
WINNIPEG,"Montrose School
(691 Montrose Street",WSD,"November 4, 2020",October 26,November 9,November 9,0,1,1,K-6,,,,,,,,,,,,,,,,,,,
WINNIPEG,"École Henri-Bergeron
(363 Enfield Cres)",LRSD,"November 4, 2020",October 27,November 10,November 10,0,1,1,4-8,,,,,,,,,,,,,,,,,,,
WINNIPEG,"Nelson Mcintyre Collegiate 
(188 St. Mary'S Road)",LRSD,"November 4, 2020",October 26,November 9,November 9,0,1,1,9-12,,,,,,,,,,,,,,,,,,,
WINNIPEG,"Arthur A. Leach School
(1827 Chancellor Dr.)
",PTSD,"November 5, 2020",October 29,November 12,November 12,0,1,1,5-9,,,,,,,,,,,,,,,,,,,
WINNIPEG,"Vincent Massey Collegiate
(975 Dowker Avenue)",PTSD,"November 5, 2020",October 20,November 3,November 3,0,1,1,9-12,,,,,,,,,,,,,,,,,,,
WINNIPEG,"Collège Sturgeon Heights Collegiate
(2665 Ness Avenue)",SJASD,"School notified November 5, 2020
Public Health November 6, 2020",October 27,November 10,November 10,0,1,1,9-12,,,,,,,,,,,,,,,,,,,
WINNIPEG,"École Salisbury Morse Place School 
(795 Prince Rupert Avenue)",RETSD,"November 5, 2020",October 29,November 12,November 12,0,1,1,K-8,,,,,,,,,,,,,,,,,,,
WINNIPEG,"Ecole Stanley Knowles School 
(2424 King Edward Street)",WSD,"November 5, 2020",October 28,November 11,November 11,1,2,2,K-8,,,,,,,,,,,,,,,,,,,
WINNIPEG,"R.F. Morrison School
(25 Morrison Street)",SOSD,"November 6, 2020","October 30, 2020","November 13, 2020","November 13, 2020",0,1,1,K-6,,,,,,,,,,,,,,,,,,,
WINNIPEG,"Meadows West School
(150 Inkster Garden Dr.)",WSD,"November 6, 2020",October 26,November 9,November 12,1,1,2,K-8,,,,,,,,,,,,,,,,,,,
,,,,,,,,,,,,,,,,,,,,,,,,,,,,,
WINNIPEG,"Marymound School 
(442 Scotia St.)",INSTITUTIONAL,"November 5, 2020","October 30, 2020","November 13, 2020","November 13, 2020",0,1,1,1-12,,,,,,,,,,,,,,,,,,,
WINNIPEG,"Winnipeg Adult Education Centre 
(310 Vaughan St.)",WSD,"October 12, 2020","October 5, 2020","October 19, 2020",October 27,1,1,4,10-12,,,,,,,,,,,,,,,,,,,
WINNIPEG,,,,,,,,,,,,,,,,,,,,,,,,,,,,,
WINNIPEG,,,,,,,,,,,,,,,,,,,,,,,,,,,,,
WINNIPEG,,,,,,,,,,,,,,,,,,,,,,,,,,,,,
WINNIPEG,"Winnipeg Adult Education Centre 
(310 Vaughan St.)",,"November 6, 2020",October 28,November 11,November 11,0,1,1,10-12,,,,,,,,,,,,,,,,,,,
WINNIPEG,"St. James Collegiate 
(1900 Portage Avenue)",SJASD,"November 7, 2020","November 2, 2020","November 16, 2020","November 16, 2020",0,1,1,9-12,,,,,,,,,,,,,,,,,,,
WINNIPEG,"École Riviere Rouge
(55 Swinford Way)",SOSD,"School notified November 7, 2020
Public Health November 10, 2020","November 2, 2020","November 16, 2020","November 16, 2020",0,1,1,K-5,,,,,,,,,,,,,,,,,,,
WINNIPEG,,,,,,,,,,,,,,,,,,,,,,,,,,,,,
WINNIPEG,,,,,,,,,,,,,,,,,,,,,,,,,,,,,
WINNIPEG,"Isaac Brock School
(1265 Barratt Avenue)",WSD,"November 7, 2020",October 28,November 11,"November 17, 2020",1,1,2,K-9,,,,,,,,,,,,,,,,,,,
WINNIPEG,,,,,,,,,,,,,,,,,,,,,,,,,,,,,
WINNIPEG,"Balmoral Hall School 
(630 Westminster Avenue)",INDEPENDENT,"November 8, 2020",02-Nov,16-Nov,30-Nov,0,1,1,K-12,,,,,,,,,,,,,,,,,,,
WINNIPEG,"Arthur E. Wright Community School 
(1520 Jefferson Avenue)",SOSD,"November 8, 2020",October 30,November 13,November 13,0,1,1,K-8,,,,,,,,,,,,,,,,,,,
WINNIPEG,"Princess Margaret School
(367 Hawthorne Avenue)",RETSD,"November 8, 2020",November 2,November 16,November 16,0,1,1,K-5,,,,,,,,,,,,,,,,,,,
WINNIPEG,"Freedom International School 
(771 Sargent Ave.)",INDEPENDENT,"November 8, 2020?",October 29,November 12,November 12,0,1,1,8-12,,,,,,,,,,,,,,,,,,,
WINNIPEG,"Robertson School 
(550 Robertson St.)",WSD,"November 8, 2020",November 2,November 16,November 16,0,1,1,K-6,,,,,,,,,,,,,,,,,,,
WINNIPEG,"École Centrale
(604 Rue Day)",RETSD,"November 9, 2020",November 3,November 17,November 17,0,1,1,K-4,,,,,,,,,,,,,,,,,,,
WINNIPEG,"École Secondaire Kelvin High School
(155 Kingsway)",WSD,"November 9, 2020","October 28, 2020","November 16, 2020","November 16, 2020",1,1,2,9-12,,,,,,,,,,,,,,,,,,,
WINNIPEG,,,,,,,,,,,,,,,,,,,,,,,,,,,,,
WINNIPEG,"Bertrun E. Glavin School
(166 Antrim Road)",RETSD,"November 9, 2020",November 2,November 16,November 17,1,1,2,K-5,,,,,,,,,,,,,,,,,,,
WINNIPEG,,,,,,,,,,,,,,,,,,,,,,,,,,,,,
WINNIPEG,"Strathcona School
(233 Mckenzie Street)",WSD,"November 9, 2020",November 3,November 17,November 17,0,1,1,K-6,,,,,,,,,,,,,,,,,,,
WINNIPEG,"Louis Riel Arts and Technology Centre
(5 De Bourmont Ave)",LRSD,"November 10, 2020",November 2,November 16,November 17,1,1,2,11-12,,,,,,,,,,,,,,,,,,,
WINNIPEG,,,,,,,,,,,,,,,,,,,,,,,,,,,,,
WINNIPEG,"Strathmillan School 
(339 Strathmillan Road)",SJASD,"November 11, 2020","November 4, 2020","November 18, 2020","November 18, 2020",0,1,1,K-5,,,,,,,,,,,,,,,,,,,
WINNIPEG,"Ecole River Heights School
(1350 Grosvenor Ave)",WSD,"November 11, 2020",November 2,November 16,November 16,0,1,1,7-8,,,,,,,,,,,,,,,,,,,
WINNIPEG,"Archwood School
(800 Archibald St)",LRSD,"November 10, 2020",October 28,November 11,November 11,0,1,1,K-8,,,,,,,,,,,,,,,,,,,
WINNIPEG,"John M. King School
(525 Agnes St.)",WSD,"November 11, 2020","November 4, 2020","November 18, 2020","November 18, 2020",0,1,1,K-6,,,,,,,,,,,,,,,,,,,
WINNIPEG,"Pacific Junction School
(715 Cathcart Street)",PTSD,"November 12, 2020","November 6, 2020","November 20, 2020","November 20, 2020",0,1,1,K-5,,,,,,,,,,,,,,,,,,,
WINNIPEG,"J. H. Bruns Collegiate
(250 Lakewood Blvd)",LRSD,"November 12, 2020",November 5,November 19,November 19,0,1,1,9-12,,,,,,,,,,,,,,,,,,,
WINNIPEG,"École Sage Creek School
(315 Sage Creek Blvd)",LRSD,"November 12, 2020",October 28,November 11,November 12,1,1,2,K-6,,,,,,,,,,,,,,,,,,,
WINNIPEG,,,,,,,,,,,,,,,,,,,,,,,,,,,,,
WINNIPEG,"Collège Béliveau
(296 Chemin Speers)",LRSD,"November 12, 2020",November 4,November 18,November 18,0,1,1,7-12,,,,,,,,,,,,,,,,,,,
WINNIPEG,"Lord Selkirk School
(170 Poplar Avenue)",WSD,"November 12, 2020",November 3,November 17,November 17,1,2,2,K-6,,,,,,,,,,,,,,,,,,,
WINNIPEG,"West St. Paul School
(3740 Main Street)",SOSD,"November 12, 2020?","November 2, 2020","November 16, 2020","November 16, 2020",0,1,1,K-8,,,,,,,,,,,,,,,,,,,
WINNIPEG,"École Sun Valley School 
(125 Sun Valley Drive)",RETSD,"November 13, 2020","November 4, 2020","November 18, 2020","November 18, 2020",0,1,1,K-5,,,,,,,,,,,,,,,,,,,
WINNIPEG,"École Marie-Anne-Gaboury
(95 Rue Pulberry)",LRSD,"November 13, 2020",November 5,November 19,November 19,0,1,1,K-8,,,,,,,,,,,,,,,,,,,
WINNIPEG,"Brock-Corydon School
(1510 Corydon Avenue)",WSD,"November 13, 2020",November 3,November 17,November 17,0,1,1,K-6,,,,,,,,,,,,,,,,,,,
WINNIPEG,"École Waterford Springs School
(2090 Jefferson Avenue)",WSD,"November 13, 2020",November 2,November 16,November 16,0,1,1,K-8,,,,,,,,,,,,,,,,,,,
WINNIPEG,"École Noël-Ritchot
(45 Avenue De La Digue)",DSFM,"November 13, 2020?",November 9,November 23,November 23,0,1,1,K-8,,,,,,,,,,,,,,,,,,,
WINNIPEG,"Niakwa Place School
(200 Pebble Beach Road)",LRSD,"November 13, 2020","November 6, 2020","November 20, 2020","November 20, 2020",0,1,1,K-8,,,,,,,,,,,,,,,,,,,
WINNIPEG,,,,,,,,,,,,,,,,,,,,,,,,,,,,,
WINNIPEG,,,,,,,,,,,,,,,,,,,,,,,,,,,,,
WINNIPEG,,,,,,,,,,,,,,,,,,,,,,,,,,,,,
WINNIPEG,,,,,,,,,,,,,,,,,,,,,,,,,,,,,
WINNIPEG,,,,,,,,,,,,,,,,,,,,,,,,,,,,,
WINNIPEG,,,,,,,,,,,,,,,,,,,,,,,,,,,,,
WINNIPEG,,,,,,,,,,,,,,,,,,,,,,,,,,,,,
WINNIPEG,,,,,,,,,,,,,,,,,,,,,,,,,,,,,
WINNIPEG,,,,,,,,,,,,,,,,,,,,,,,,,,,,,
WINNIPEG,,,,,,,,,,,,,,,,,,,,,,,,,,,,,
WINNIPEG,,,,,,,,,,,,,,,,,,,,,,,,,,,,,
WINNIPEG,,,,,,,,,,,,,,,,,,,,,,,,,,,,,
WINNIPEG,,,,,,,,,,,,,,,,,,,,,,,,,,,,,
WINNIPEG,,,,,,,,,,,,,,,,,,,,,,,,,,,,,
WINNIPEG,,,,,,,,,,,,,,,,,,,,,,,,,,,,,
WINNIPEG,,,,,,,,,,,,,,,,,,,,,,,,,,,,,
WINNIPEG,,,,,,,,,,,,,,,,,,,,,,,,,,,,,
WINNIPEG,,,,,,,,,,,,,,,,,,,,,,,,,,,,,
WINNIPEG,,,,,,,,,,,,,,,,,,,,,,,,,,,,,
WINNIPEG,,,,,,,,,,,,,,,,,,,,,,,,,,,,,
WINNIPEG,,,,,,,,,,,,,,,,,,,,,,,,,,,,,
WINNIPEG,,,,,,,,,,,,,,,,,,,,,,,,,,,,,
WINNIPEG,,,,,,,,,,,,,,,,,,,,,,,,,,,,,
WINNIPEG,,,,,,,,,,,,,,,,,,,,,,,,,,,,,
WINNIPEG,,,,,,,,,,,,,,,,,,,,,,,,,,,,,
WINNIPEG,,,,,,,,,,,,,,,,,,,,,,,,,,,,,
WINNIPEG,,,,,,,,,,,,,,,,,,,,,,,,,,,,,
WINNIPEG,,,,,,,,,,,,,,,,,,,,,,,,,,,,,
WINNIPEG,,,,,,,,,,,,,,,,,,,,,,,,,,,,,
WINNIPEG,,,,,,,,,,,,,,,,,,,,,,,,,,,,,
WINNIPEG,,,,,,,,,,,,,,,,,,,,,,,,,,,,,
WINNIPEG,,,,,,,,,,,,,,,,,,,,,,,,,,,,,
WINNIPEG,,,,,,,,,,,,,,,,,,,,,,,,,,,,,
WINNIPEG,,,,,,,,,,,,,,,,,,,,,,,,,,,,,
WINNIPEG,,,,,,,,,,,,,,,,,,,,,,,,,,,,,
WINNIPEG,,,,,,,,,,,,,,,,,,,,,,,,,,,,,
WINNIPEG,,,,,,,,,,,,,,,,,,,,,,,,,,,,,
WINNIPEG,,,,,,,,,,,,,,,,,,,,,,,,,,,,,
WINNIPEG,,,,,,,,,,,,,,,,,,,,,,,,,,,,,
WINNIPEG,,,,,,,,,,,,,,,,,,,,,,,,,,,,,
WINNIPEG,,,,,,,,,,,,,,,,,,,,,,,,,,,,,
WINNIPEG,,,,,,,,,,,,,,,,,,,,,,,,,,,,,
WINNIPEG,,,,,,,,,,,,,,,,,,,,,,,,,,,,,
WINNIPEG,,,,,,,,,,,,,,,,,,,,,,,,,,,,,
WINNIPEG,,,,,,,,,,,,,,,,,,,,,,,,,,,,,
WINNIPEG,,,,,,,,,,,,,,,,,,,,,,,,,,,,,
WINNIPEG,,,,,,,,,,,,,,,,,,,,,,,,,,,,,
WINNIPEG,,,,,,,,,,,,,,,,,,,,,,,,,,,,,
WINNIPEG,,,,,,,,,,,,,,,,,,,,,,,,,,,,,
WINNIPEG,,,,,,,,,,,,,,,,,,,,,,,,,,,,,
WINNIPEG,,,,,,,,,,,,,,,,,,,,,,,,,,,,,
WINNIPEG,,,,,,,,,,,,,,,,,,,,,,,,,,,,,
WINNIPEG,,,,,,,,,,,,,,,,,,,,,,,,,,,,,
WINNIPEG,,,,,,,,,,,,,,,,,,,,,,,,,,,,,
WINNIPEG,,,,,,,,,,,,,,,,,,,,,,,,,,,,,
WINNIPEG,,,,,,,,,,,,,,,,,,,,,,,,,,,,,
WINNIPEG,,,,,,,,,,,,,,,,,,,,,,,,,,,,,
WINNIPEG,,,,,,,,,,,,,,,,,,,,,,,,,,,,,
WINNIPEG,,,,,,,,,,,,,,,,,,,,,,,,,,,,,
WINNIPEG,,,,,,,,,,,,,,,,,,,,,,,,,,,,,
WINNIPEG,,,,,,,,,,,,,,,,,,,,,,,,,,,,,
WINNIPEG,,,,,,,,,,,,,,,,,,,,,,,,,,,,,
WINNIPEG,,,,,,,,,,,,,,,,,,,,,,,,,,,,,
WINNIPEG,,,,,,,,,,,,,,,,,,,,,,,,,,,,,
,,,,,,,,,,,,,,,,,,,,,,,,,,,,,
,,,,,,,,,,,,,,,,,,,,,,,,,,,,,
,,,,,,,,,,,,,,,,,,,,,,,,,,,,,
,,,,,,,,,,,,,,,,,,,,,,,,,,,,,
,,,,,,,,,,,,,,,,,,,,,,,,,,,,,
,,,,,,,,,,,,,,,,,,,,,,,,,,,,,
,,,,,,,,,,,,,,,,,,,,,,,,,,,,,
,,,,,,,,,,,,,,,,,,,,,,,,,,,,,
,,,,,,,,,,,,,,,,,,,,,,,,,,,,,
,,,,,,,,,,,,,,,,,,,,,,,,,,,,,
,,,,,,,,,,,,,,,,,,,,,,,,,,,,,
,,,,,,,,,,,,,,,,,,,,,,,,,,,,,
,,,,,,,,,,,,,,,,,,,,,,,,,,,,,
,,,,,,,,,,,,,,,,,,,,,,,,,,,,,
,,,,,,,,,,,,,,,,,,,,,,,,,,,,,
,,,,,,,,,,,,,,,,,,,,,,,,,,,,,
,,,,,,,,,,,,,,,,,,,,,,,,,,,,,
,,,,,,,,,,,,,,,,,,,,,,,,,,,,,
,,,,,,,,,,,,,,,,,,,,,,,,,,,,,
,,,,,,,,,,,,,,,,,,,,,,,,,,,,,
,,,,,,,,,,,,,,,,,,,,,,,,,,,,,
,,,,,,,,,,,,,,,,,,,,,,,,,,,,,
,,,,,,,,,,,,,,,,,,,,,,,,,,,,,
,,,,,,,,,,,,,,,,,,,,,,,,,,,,,
,,,,,,,,,,,,,,,,,,,,,,,,,,,,,
,,,,,,,,,,,,,,,,,,,,,,,,,,,,,
,,,,,,,,,,,,,,,,,,,,,,,,,,,,,
,,,,,,,,,,,,,,,,,,,,,,,,,,,,,
,,,,,,,,,,,,,,,,,,,,,,,,,,,,,
,,,,,,,,,,,,,,,,,,,,,,,,,,,,,
,,,,,,,,,,,,,,,,,,,,,,,,,,,,,
,,,,,,,,,,,,,,,,,,,,,,,,,,,,,
,,,,,,,,,,,,,,,,,,,,,,,,,,,,,
,,,,,,,,,,,,,,,,,,,,,,,,,,,,,
,,,,,,,,,,,,,,,,,,,,,,,,,,,,,
,,,,,,,,,,,,,,,,,,,,,,,,,,,,,
,,,,,,,,,,,,,,,,,,,,,,,,,,,,,
,,,,,,,,,,,,,,,,,,,,,,,,,,,,,
,,,,,,,,,,,,,,,,,,,,,,,,,,,,,
,,,,,,,,,,,,,,,,,,,,,,,,,,,,,
,,,,,,,,,,,,,,,,,,,,,,,,,,,,,
,,,,,,,,,,,,,,,,,,,,,,,,,,,,,
,,,,,,,,,,,,,,,,,,,,,,,,,,,,,
,,,,,,,,,,,,,,,,,,,,,,,,,,,,,
,,,,,,,,,,,,,,,,,,,,,,,,,,,,,
,,,,,,,,,,,,,,,,,,,,,,,,,,,,,
,,,,,,,,,,,,,,,,,,,,,,,,,,,,,
,,,,,,,,,,,,,,,,,,,,,,,,,,,,,
,,,,,,,,,,,,,,,,,,,,,,,,,,,,,
,,,,,,,,,,,,,,,,,,,,,,,,,,,,,
,,,,,,,,,,,,,,,,,,,,,,,,,,,,,
,,,,,,,,,,,,,,,,,,,,,,,,,,,,,
,,,,,,,,,,,,,,,,,,,,,,,,,,,,,
,,,,,,,,,,,,,,,,,,,,,,,,,,,,,
,,,,,,,,,,,,,,,,,,,,,,,,,,,,,
,,,,,,,,,,,,,,,,,,,,,,,,,,,,,
,,,,,,,,,,,,,,,,,,,,,,,,,,,,,
,,,,,,,,,,,,,,,,,,,,,,,,,,,,,
,,,,,,,,,,,,,,,,,,,,,,,,,,,,,
,,,,,,,,,,,,,,,,,,,,,,,,,,,,,
,,,,,,,,,,,,,,,,,,,,,,,,,,,,,
,,,,,,,,,,,,,,,,,,,,,,,,,,,,,
,,,,,,,,,,,,,,,,,,,,,,,,,,,,,
,,,,,,,,,,,,,,,,,,,,,,,,,,,,,
,,,,,,,,,,,,,,,,,,,,,,,,,,,,,
,,,,,,,,,,,,,,,,,,,,,,,,,,,,,
,,,,,,,,,,,,,,,,,,,,,,,,,,,,,
,,,,,,,,,,,,,,,,,,,,,,,,,,,,,
,,,,,,,,,,,,,,,,,,,,,,,,,,,,,
,,,,,,,,,,,,,,,,,,,,,,,,,,,,,
,,,,,,,,,,,,,,,,,,,,,,,,,,,,,
,,,,,,,,,,,,,,,,,,,,,,,,,,,,,
,,,,,,,,,,,,,,,,,,,,,,,,,,,,,
,,,,,,,,,,,,,,,,,,,,,,,,,,,,,
,,,,,,,,,,,,,,,,,,,,,,,,,,,,,
,,,,,,,,,,,,,,,,,,,,,,,,,,,,,
,,,,,,,,,,,,,,,,,,,,,,,,,,,,,
,,,,,,,,,,,,,,,,,,,,,,,,,,,,,
,,,,,,,,,,,,,,,,,,,,,,,,,,,,,
,,,,,,,,,,,,,,,,,,,,,,,,,,,,,
,,,,,,,,,,,,,,,,,,,,,,,,,,,,,
,,,,,,,,,,,,,,,,,,,,,,,,,,,,,
,,,,,,,,,,,,,,,,,,,,,,,,,,,,,
,,,,,,,,,,,,,,,,,,,,,,,,,,,,,
,,,,,,,,,,,,,,,,,,,,,,,,,,,,,
,,,,,,,,,,,,,,,,,,,,,,,,,,,,,
,,,,,,,,,,,,,,,,,,,,,,,,,,,,,
,,,,,,,,,,,,,,,,,,,,,,,,,,,,,
,,,,,,,,,,,,,,,,,,,,,,,,,,,,,
,,,,,,,,,,,,,,,,,,,,,,,,,,,,,
,,,,,,,,,,,,,,,,,,,,,,,,,,,,,
,,,,,,,,,,,,,,,,,,,,,,,,,,,,,
,,,,,,,,,,,,,,,,,,,,,,,,,,,,,
,,,,,,,,,,,,,,,,,,,,,,,,,,,,,
,,,,,,,,,,,,,,,,,,,,,,,,,,,,,
,,,,,,,,,,,,,,,,,,,,,,,,,,,,,
,,,,,,,,,,,,,,,,,,,,,,,,,,,,,
,,,,,,,,,,,,,,,,,,,,,,,,,,,,,
,,,,,,,,,,,,,,,,,,,,,,,,,,,,,
,,,,,,,,,,,,,,,,,,,,,,,,,,,,,
,,,,,,,,,,,,,,,,,,,,,,,,,,,,,
,,,,,,,,,,,,,,,,,,,,,,,,,,,,,
,,,,,,,,,,,,,,,,,,,,,,,,,,,,,
,,,,,,,,,,,,,,,,,,,,,,,,,,,,,
,,,,,,,,,,,,,,,,,,,,,,,,,,,,,
,,,,,,,,,,,,,,,,,,,,,,,,,,,,,
,,,,,,,,,,,,,,,,,,,,,,,,,,,,,
,,,,,,,,,,,,,,,,,,,,,,,,,,,,,
,,,,,,,,,,,,,,,,,,,,,,,,,,,,,
,,,,,,,,,,,,,,,,,,,,,,,,,,,,,
,,,,,,,,,,,,,,,,,,,,,,,,,,,,,
,,,,,,,,,,,,,,,,,,,,,,,,,,,,,
,,,,,,,,,,,,,,,,,,,,,,,,,,,,,
,,,,,,,,,,,,,,,,,,,,,,,,,,,,,
,,,,,,,,,,,,,,,,,,,,,,,,,,,,,
,,,,,,,,,,,,,,,,,,,,,,,,,,,,,
,,,,,,,,,,,,,,,,,,,,,,,,,,,,,
,,,,,,,,,,,,,,,,,,,,,,,,,,,,,
,,,,,,,,,,,,,,,,,,,,,,,,,,,,,
,,,,,,,,,,,,,,,,,,,,,,,,,,,,,
,,,,,,,,,,,,,,,,,,,,,,,,,,,,,
,,,,,,,,,,,,,,,,,,,,,,,,,,,,,
,,,,,,,,,,,,,,,,,,,,,,,,,,,,,
,,,,,,,,,,,,,,,,,,,,,,,,,,,,,
,,,,,,,,,,,,,,,,,,,,,,,,,,,,,
,,,,,,,,,,,,,,,,,,,,,,,,,,,,,
,,,,,,,,,,,,,,,,,,,,,,,,,,,,,
,,,,,,,,,,,,,,,,,,,,,,,,,,,,,
,,,,,,,,,,,,,,,,,,,,,,,,,,,,,
,,,,,,,,,,,,,,,,,,,,,,,,,,,,,
,,,,,,,,,,,,,,,,,,,,,,,,,,,,,
,,,,,,,,,,,,,,,,,,,,,,,,,,,,,
,,,,,,,,,,,,,,,,,,,,,,,,,,,,,
,,,,,,,,,,,,,,,,,,,,,,,,,,,,,
,,,,,,,,,,,,,,,,,,,,,,,,,,,,,
,,,,,,,,,,,,,,,,,,,,,,,,,,,,,
,,,,,,,,,,,,,,,,,,,,,,,,,,,,,
,,,,,,,,,,,,,,,,,,,,,,,,,,,,,
,,,,,,,,,,,,,,,,,,,,,,,,,,,,,
,,,,,,,,,,,,,,,,,,,,,,,,,,,,,
,,,,,,,,,,,,,,,,,,,,,,,,,,,,,
,,,,,,,,,,,,,,,,,,,,,,,,,,,,,
,,,,,,,,,,,,,,,,,,,,,,,,,,,,,
,,,,,,,,,,,,,,,,,,,,,,,,,,,,,
,,,,,,,,,,,,,,,,,,,,,,,,,,,,,
,,,,,,,,,,,,,,,,,,,,,,,,,,,,,
,,,,,,,,,,,,,,,,,,,,,,,,,,,,,
,,,,,,,,,,,,,,,,,,,,,,,,,,,,,
,,,,,,,,,,,,,,,,,,,,,,,,,,,,,
,,,,,,,,,,,,,,,,,,,,,,,,,,,,,
,,,,,,,,,,,,,,,,,,,,,,,,,,,,,
,,,,,,,,,,,,,,,,,,,,,,,,,,,,,
,,,,,,,,,,,,,,,,,,,,,,,,,,,,,
,,,,,,,,,,,,,,,,,,,,,,,,,,,,,
,,,,,,,,,,,,,,,,,,,,,,,,,,,,,
,,,,,,,,,,,,,,,,,,,,,,,,,,,,,
,,,,,,,,,,,,,,,,,,,,,,,,,,,,,
,,,,,,,,,,,,,,,,,,,,,,,,,,,,,
,,,,,,,,,,,,,,,,,,,,,,,,,,,,,
,,,,,,,,,,,,,,,,,,,,,,,,,,,,,
,,,,,,,,,,,,,,,,,,,,,,,,,,,,,
,,,,,,,,,,,,,,,,,,,,,,,,,,,,,
,,,,,,,,,,,,,,,,,,,,,,,,,,,,,
,,,,,,,,,,,,,,,,,,,,,,,,,,,,,
,,,,,,,,,,,,,,,,,,,,,,,,,,,,,
,,,,,,,,,,,,,,,,,,,,,,,,,,,,,
,,,,,,,,,,,,,,,,,,,,,,,,,,,,,
,,,,,,,,,,,,,,,,,,,,,,,,,,,,,
,,,,,,,,,,,,,,,,,,,,,,,,,,,,,
,,,,,,,,,,,,,,,,,,,,,,,,,,,,,
,,,,,,,,,,,,,,,,,,,,,,,,,,,,,
,,,,,,,,,,,,,,,,,,,,,,,,,,,,,
,,,,,,,,,,,,,,,,,,,,,,,,,,,,,
,,,,,,,,,,,,,,,,,,,,,,,,,,,,,
,,,,,,,,,,,,,,,,,,,,,,,,,,,,,
,,,,,,,,,,,,,,,,,,,,,,,,,,,,,
,,,,,,,,,,,,,,,,,,,,,,,,,,,,,
,,,,,,,,,,,,,,,,,,,,,,,,,,,,,
,,,,,,,,,,,,,,,,,,,,,,,,,,,,,
,,,,,,,,,,,,,,,,,,,,,,,,,,,,,
,,,,,,,,,,,,,,,,,,,,,,,,,,,,,
,,,,,,,,,,,,,,,,,,,,,,,,,,,,,
,,,,,,,,,,,,,,,,,,,,,,,,,,,,,
,,,,,,,,,,,,,,,,,,,,,,,,,,,,,
,,,,,,,,,,,,,,,,,,,,,,,,,,,,,
,,,,,,,,,,,,,,,,,,,,,,,,,,,,,
,,,,,,,,,,,,,,,,,,,,,,,,,,,,,
,,,,,,,,,,,,,,,,,,,,,,,,,,,,,
,,,,,,,,,,,,,,,,,,,,,,,,,,,,,
,,,,,,,,,,,,,,,,,,,,,,,,,,,,,
,,,,,,,,,,,,,,,,,,,,,,,,,,,,,
,,,,,,,,,,,,,,,,,,,,,,,,,,,,,
,,,,,,,,,,,,,,,,,,,,,,,,,,,,,
,,,,,,,,,,,,,,,,,,,,,,,,,,,,,
,,,,,,,,,,,,,,,,,,,,,,,,,,,,,
,,,,,,,,,,,,,,,,,,,,,,,,,,,,,
,,,,,,,,,,,,,,,,,,,,,,,,,,,,,
,,,,,,,,,,,,,,,,,,,,,,,,,,,,,
,,,,,,,,,,,,,,,,,,,,,,,,,,,,,
,,,,,,,,,,,,,,,,,,,,,,,,,,,,,
,,,,,,,,,,,,,,,,,,,,,,,,,,,,,
,,,,,,,,,,,,,,,,,,,,,,,,,,,,,
,,,,,,,,,,,,,,,,,,,,,,,,,,,,,
,,,,,,,,,,,,,,,,,,,,,,,,,,,,,
,,,,,,,,,,,,,,,,,,,,,,,,,,,,,
,,,,,,,,,,,,,,,,,,,,,,,,,,,,,
,,,,,,,,,,,,,,,,,,,,,,,,,,,,,
,,,,,,,,,,,,,,,,,,,,,,,,,,,,,
,,,,,,,,,,,,,,,,,,,,,,,,,,,,,
,,,,,,,,,,,,,,,,,,,,,,,,,,,,,
,,,,,,,,,,,,,,,,,,,,,,,,,,,,,
,,,,,,,,,,,,,,,,,,,,,,,,,,,,,
,,,,,,,,,,,,,,,,,,,,,,,,,,,,,
,,,,,,,,,,,,,,,,,,,,,,,,,,,,,
,,,,,,,,,,,,,,,,,,,,,,,,,,,,,
,,,,,,,,,,,,,,,,,,,,,,,,,,,,,
,,,,,,,,,,,,,,,,,,,,,,,,,,,,,
,,,,,,,,,,,,,,,,,,,,,,,,,,,,,
,,,,,,,,,,,,,,,,,,,,,,,,,,,,,
,,,,,,,,,,,,,,,,,,,,,,,,,,,,,
,,,,,,,,,,,,,,,,,,,,,,,,,,,,,
,,,,,,,,,,,,,,,,,,,,,,,,,,,,,
,,,,,,,,,,,,,,,,,,,,,,,,,,,,,
,,,,,,,,,,,,,,,,,,,,,,,,,,,,,
,,,,,,,,,,,,,,,,,,,,,,,,,,,,,
,,,,,,,,,,,,,,,,,,,,,,,,,,,,,
,,,,,,,,,,,,,,,,,,,,,,,,,,,,,
,,,,,,,,,,,,,,,,,,,,,,,,,,,,,
,,,,,,,,,,,,,,,,,,,,,,,,,,,,,
,,,,,,,,,,,,,,,,,,,,,,,,,,,,,
,,,,,,,,,,,,,,,,,,,,,,,,,,,,,
,,,,,,,,,,,,,,,,,,,,,,,,,,,,,
,,,,,,,,,,,,,,,,,,,,,,,,,,,,,
,,,,,,,,,,,,,,,,,,,,,,,,,,,,,
,,,,,,,,,,,,,,,,,,,,,,,,,,,,,
,,,,,,,,,,,,,,,,,,,,,,,,,,,,,
,,,,,,,,,,,,,,,,,,,,,,,,,,,,,
,,,,,,,,,,,,,,,,,,,,,,,,,,,,,
,,,,,,,,,,,,,,,,,,,,,,,,,,,,,
,,,,,,,,,,,,,,,,,,,,,,,,,,,,,
,,,,,,,,,,,,,,,,,,,,,,,,,,,,,
,,,,,,,,,,,,,,,,,,,,,,,,,,,,,
,,,,,,,,,,,,,,,,,,,,,,,,,,,,,
,,,,,,,,,,,,,,,,,,,,,,,,,,,,,
,,,,,,,,,,,,,,,,,,,,,,,,,,,,,
,,,,,,,,,,,,,,,,,,,,,,,,,,,,,
,,,,,,,,,,,,,,,,,,,,,,,,,,,,,
,,,,,,,,,,,,,,,,,,,,,,,,,,,,,
,,,,,,,,,,,,,,,,,,,,,,,,,,,,,
,,,,,,,,,,,,,,,,,,,,,,,,,,,,,
,,,,,,,,,,,,,,,,,,,,,,,,,,,,,
,,,,,,,,,,,,,,,,,,,,,,,,,,,,,
,,,,,,,,,,,,,,,,,,,,,,,,,,,,,
,,,,,,,,,,,,,,,,,,,,,,,,,,,,,
,,,,,,,,,,,,,,,,,,,,,,,,,,,,,
,,,,,,,,,,,,,,,,,,,,,,,,,,,,,
,,,,,,,,,,,,,,,,,,,,,,,,,,,,,
,,,,,,,,,,,,,,,,,,,,,,,,,,,,,
,,,,,,,,,,,,,,,,,,,,,,,,,,,,,
,,,,,,,,,,,,,,,,,,,,,,,,,,,,,
,,,,,,,,,,,,,,,,,,,,,,,,,,,,,
,,,,,,,,,,,,,,,,,,,,,,,,,,,,,
,,,,,,,,,,,,,,,,,,,,,,,,,,,,,
,,,,,,,,,,,,,,,,,,,,,,,,,,,,,
,,,,,,,,,,,,,,,,,,,,,,,,,,,,,
,,,,,,,,,,,,,,,,,,,,,,,,,,,,,
,,,,,,,,,,,,,,,,,,,,,,,,,,,,,
,,,,,,,,,,,,,,,,,,,,,,,,,,,,,
,,,,,,,,,,,,,,,,,,,,,,,,,,,,,
,,,,,,,,,,,,,,,,,,,,,,,,,,,,,
,,,,,,,,,,,,,,,,,,,,,,,,,,,,,
,,,,,,,,,,,,,,,,,,,,,,,,,,,,,
,,,,,,,,,,,,,,,,,,,,,,,,,,,,,
,,,,,,,,,,,,,,,,,,,,,,,,,,,,,
,,,,,,,,,,,,,,,,,,,,,,,,,,,,,
,,,,,,,,,,,,,,,,,,,,,,,,,,,,,
,,,,,,,,,,,,,,,,,,,,,,,,,,,,,
,,,,,,,,,,,,,,,,,,,,,,,,,,,,,
,,,,,,,,,,,,,,,,,,,,,,,,,,,,,
,,,,,,,,,,,,,,,,,,,,,,,,,,,,,
,,,,,,,,,,,,,,,,,,,,,,,,,,,,,
,,,,,,,,,,,,,,,,,,,,,,,,,,,,,
,,,,,,,,,,,,,,,,,,,,,,,,,,,,,
,,,,,,,,,,,,,,,,,,,,,,,,,,,,,
,,,,,,,,,,,,,,,,,,,,,,,,,,,,,
,,,,,,,,,,,,,,,,,,,,,,,,,,,,,
,,,,,,,,,,,,,,,,,,,,,,,,,,,,,
,,,,,,,,,,,,,,,,,,,,,,,,,,,,,
,,,,,,,,,,,,,,,,,,,,,,,,,,,,,
,,,,,,,,,,,,,,,,,,,,,,,,,,,,,
,,,,,,,,,,,,,,,,,,,,,,,,,,,,,
,,,,,,,,,,,,,,,,,,,,,,,,,,,,,
,,,,,,,,,,,,,,,,,,,,,,,,,,,,,
,,,,,,,,,,,,,,,,,,,,,,,,,,,,,
,,,,,,,,,,,,,,,,,,,,,,,,,,,,,
,,,,,,,,,,,,,,,,,,,,,,,,,,,,,
,,,,,,,,,,,,,,,,,,,,,,,,,,,,,
,,,,,,,,,,,,,,,,,,,,,,,,,,,,,
,,,,,,,,,,,,,,,,,,,,,,,,,,,,,
,,,,,,,,,,,,,,,,,,,,,,,,,,,,,
,,,,,,,,,,,,,,,,,,,,,,,,,,,,,
,,,,,,,,,,,,,,,,,,,,,,,,,,,,,
,,,,,,,,,,,,,,,,,,,,,,,,,,,,,
,,,,,,,,,,,,,,,,,,,,,,,,,,,,,
,,,,,,,,,,,,,,,,,,,,,,,,,,,,,
,,,,,,,,,,,,,,,,,,,,,,,,,,,,,
,,,,,,,,,,,,,,,,,,,,,,,,,,,,,
,,,,,,,,,,,,,,,,,,,,,,,,,,,,,
,,,,,,,,,,,,,,,,,,,,,,,,,,,,,
,,,,,,,,,,,,,,,,,,,,,,,,,,,,,
,,,,,,,,,,,,,,,,,,,,,,,,,,,,,
,,,,,,,,,,,,,,,,,,,,,,,,,,,,,
,,,,,,,,,,,,,,,,,,,,,,,,,,,,,
,,,,,,,,,,,,,,,,,,,,,,,,,,,,,
,,,,,,,,,,,,,,,,,,,,,,,,,,,,,
,,,,,,,,,,,,,,,,,,,,,,,,,,,,,
,,,,,,,,,,,,,,,,,,,,,,,,,,,,,
,,,,,,,,,,,,,,,,,,,,,,,,,,,,,
,,,,,,,,,,,,,,,,,,,,,,,,,,,,,
,,,,,,,,,,,,,,,,,,,,,,,,,,,,,
,,,,,,,,,,,,,,,,,,,,,,,,,,,,,
,,,,,,,,,,,,,,,,,,,,,,,,,,,,,
,,,,,,,,,,,,,,,,,,,,,,,,,,,,,
,,,,,,,,,,,,,,,,,,,,,,,,,,,,,
,,,,,,,,,,,,,,,,,,,,,,,,,,,,,
,,,,,,,,,,,,,,,,,,,,,,,,,,,,,
,,,,,,,,,,,,,,,,,,,,,,,,,,,,,
,,,,,,,,,,,,,,,,,,,,,,,,,,,,,
,,,,,,,,,,,,,,,,,,,,,,,,,,,,,
,,,,,,,,,,,,,,,,,,,,,,,,,,,,,
,,,,,,,,,,,,,,,,,,,,,,,,,,,,,
,,,,,,,,,,,,,,,,,,,,,,,,,,,,,
,,,,,,,,,,,,,,,,,,,,,,,,,,,,,
,,,,,,,,,,,,,,,,,,,,,,,,,,,,,
,,,,,,,,,,,,,,,,,,,,,,,,,,,,,
,,,,,,,,,,,,,,,,,,,,,,,,,,,,,
,,,,,,,,,,,,,,,,,,,,,,,,,,,,,
,,,,,,,,,,,,,,,,,,,,,,,,,,,,,
,,,,,,,,,,,,,,,,,,,,,,,,,,,,,
,,,,,,,,,,,,,,,,,,,,,,,,,,,,,
,,,,,,,,,,,,,,,,,,,,,,,,,,,,,
,,,,,,,,,,,,,,,,,,,,,,,,,,,,,
,,,,,,,,,,,,,,,,,,,,,,,,,,,,,
,,,,,,,,,,,,,,,,,,,,,,,,,,,,,
,,,,,,,,,,,,,,,,,,,,,,,,,,,,,
,,,,,,,,,,,,,,,,,,,,,,,,,,,,,
,,,,,,,,,,,,,,,,,,,,,,,,,,,,,
,,,,,,,,,,,,,,,,,,,,,,,,,,,,,
,,,,,,,,,,,,,,,,,,,,,,,,,,,,,
,,,,,,,,,,,,,,,,,,,,,,,,,,,,,
,,,,,,,,,,,,,,,,,,,,,,,,,,,,,
,,,,,,,,,,,,,,,,,,,,,,,,,,,,,
,,,,,,,,,,,,,,,,,,,,,,,,,,,,,
,,,,,,,,,,,,,,,,,,,,,,,,,,,,,
,,,,,,,,,,,,,,,,,,,,,,,,,,,,,
,,,,,,,,,,,,,,,,,,,,,,,,,,,,,
,,,,,,,,,,,,,,,,,,,,,,,,,,,,,
,,,,,,,,,,,,,,,,,,,,,,,,,,,,,
,,,,,,,,,,,,,,,,,,,,,,,,,,,,,
,,,,,,,,,,,,,,,,,,,,,,,,,,,,,
,,,,,,,,,,,,,,,,,,,,,,,,,,,,,
,,,,,,,,,,,,,,,,,,,,,,,,,,,,,
,,,,,,,,,,,,,,,,,,,,,,,,,,,,,
,,,,,,,,,,,,,,,,,,,,,,,,,,,,,
,,,,,,,,,,,,,,,,,,,,,,,,,,,,,
,,,,,,,,,,,,,,,,,,,,,,,,,,,,,
,,,,,,,,,,,,,,,,,,,,,,,,,,,,,
,,,,,,,,,,,,,,,,,,,,,,,,,,,,,
,,,,,,,,,,,,,,,,,,,,,,,,,,,,,
,,,,,,,,,,,,,,,,,,,,,,,,,,,,,
,,,,,,,,,,,,,,,,,,,,,,,,,,,,,
,,,,,,,,,,,,,,,,,,,,,,,,,,,,,
,,,,,,,,,,,,,,,,,,,,,,,,,,,,,
,,,,,,,,,,,,,,,,,,,,,,,,,,,,,
,,,,,,,,,,,,,,,,,,,,,,,,,,,,,
,,,,,,,,,,,,,,,,,,,,,,,,,,,,,
,,,,,,,,,,,,,,,,,,,,,,,,,,,,,
,,,,,,,,,,,,,,,,,,,,,,,,,,,,,
,,,,,,,,,,,,,,,,,,,,,,,,,,,,,
,,,,,,,,,,,,,,,,,,,,,,,,,,,,,
,,,,,,,,,,,,,,,,,,,,,,,,,,,,,
,,,,,,,,,,,,,,,,,,,,,,,,,,,,,
,,,,,,,,,,,,,,,,,,,,,,,,,,,,,
,,,,,,,,,,,,,,,,,,,,,,,,,,,,,
,,,,,,,,,,,,,,,,,,,,,,,,,,,,,
,,,,,,,,,,,,,,,,,,,,,,,,,,,,,
,,,,,,,,,,,,,,,,,,,,,,,,,,,,,
,,,,,,,,,,,,,,,,,,,,,,,,,,,,,
,,,,,,,,,,,,,,,,,,,,,,,,,,,,,
,,,,,,,,,,,,,,,,,,,,,,,,,,,,,
,,,,,,,,,,,,,,,,,,,,,,,,,,,,,
,,,,,,,,,,,,,,,,,,,,,,,,,,,,,
,,,,,,,,,,,,,,,,,,,,,,,,,,,,,
,,,,,,,,,,,,,,,,,,,,,,,,,,,,,
,,,,,,,,,,,,,,,,,,,,,,,,,,,,,
,,,,,,,,,,,,,,,,,,,,,,,,,,,,,
,,,,,,,,,,,,,,,,,,,,,,,,,,,,,
,,,,,,,,,,,,,,,,,,,,,,,,,,,,,
,,,,,,,,,,,,,,,,,,,,,,,,,,,,,
,,,,,,,,,,,,,,,,,,,,,,,,,,,,,
,,,,,,,,,,,,,,,,,,,,,,,,,,,,,
,,,,,,,,,,,,,,,,,,,,,,,,,,,,,
,,,,,,,,,,,,,,,,,,,,,,,,,,,,,
,,,,,,,,,,,,,,,,,,,,,,,,,,,,,
,,,,,,,,,,,,,,,,,,,,,,,,,,,,,
,,,,,,,,,,,,,,,,,,,,,,,,,,,,,
,,,,,,,,,,,,,,,,,,,,,,,,,,,,,
,,,,,,,,,,,,,,,,,,,,,,,,,,,,,
,,,,,,,,,,,,,,,,,,,,,,,,,,,,,
,,,,,,,,,,,,,,,,,,,,,,,,,,,,,
,,,,,,,,,,,,,,,,,,,,,,,,,,,,,
,,,,,,,,,,,,,,,,,,,,,,,,,,,,,
,,,,,,,,,,,,,,,,,,,,,,,,,,,,,
,,,,,,,,,,,,,,,,,,,,,,,,,,,,,
,,,,,,,,,,,,,,,,,,,,,,,,,,,,,
,,,,,,,,,,,,,,,,,,,,,,,,,,,,,
,,,,,,,,,,,,,,,,,,,,,,,,,,,,,
,,,,,,,,,,,,,,,,,,,,,,,,,,,,,
,,,,,,,,,,,,,,,,,,,,,,,,,,,,,
,,,,,,,,,,,,,,,,,,,,,,,,,,,,,
,,,,,,,,,,,,,,,,,,,,,,,,,,,,,
,,,,,,,,,,,,,,,,,,,,,,,,,,,,,
,,,,,,,,,,,,,,,,,,,,,,,,,,,,,
,,,,,,,,,,,,,,,,,,,,,,,,,,,,,
,,,,,,,,,,,,,,,,,,,,,,,,,,,,,
,,,,,,,,,,,,,,,,,,,,,,,,,,,,,
,,,,,,,,,,,,,,,,,,,,,,,,,,,,,
,,,,,,,,,,,,,,,,,,,,,,,,,,,,,
,,,,,,,,,,,,,,,,,,,,,,,,,,,,,
,,,,,,,,,,,,,,,,,,,,,,,,,,,,,
,,,,,,,,,,,,,,,,,,,,,,,,,,,,,
,,,,,,,,,,,,,,,,,,,,,,,,,,,,,
,,,,,,,,,,,,,,,,,,,,,,,,,,,,,
,,,,,,,,,,,,,,,,,,,,,,,,,,,,,
,,,,,,,,,,,,,,,,,,,,,,,,,,,,,
,,,,,,,,,,,,,,,,,,,,,,,,,,,,,
,,,,,,,,,,,,,,,,,,,,,,,,,,,,,
,,,,,,,,,,,,,,,,,,,,,,,,,,,,,
,,,,,,,,,,,,,,,,,,,,,,,,,,,,,
,,,,,,,,,,,,,,,,,,,,,,,,,,,,,
,,,,,,,,,,,,,,,,,,,,,,,,,,,,,
,,,,,,,,,,,,,,,,,,,,,,,,,,,,,
,,,,,,,,,,,,,,,,,,,,,,,,,,,,,
,,,,,,,,,,,,,,,,,,,,,,,,,,,,,
,,,,,,,,,,,,,,,,,,,,,,,,,,,,,
,,,,,,,,,,,,,,,,,,,,,,,,,,,,,
,,,,,,,,,,,,,,,,,,,,,,,,,,,,,
,,,,,,,,,,,,,,,,,,,,,,,,,,,,,
,,,,,,,,,,,,,,,,,,,,,,,,,,,,,
,,,,,,,,,,,,,,,,,,,,,,,,,,,,,
,,,,,,,,,,,,,,,,,,,,,,,,,,,,,
,,,,,,,,,,,,,,,,,,,,,,,,,,,,,
,,,,,,,,,,,,,,,,,,,,,,,,,,,,,
,,,,,,,,,,,,,,,,,,,,,,,,,,,,,
,,,,,,,,,,,,,,,,,,,,,,,,,,,,,
,,,,,,,,,,,,,,,,,,,,,,,,,,,,,
,,,,,,,,,,,,,,,,,,,,,,,,,,,,,
,,,,,,,,,,,,,,,,,,,,,,,,,,,,,
,,,,,,,,,,,,,,,,,,,,,,,,,,,,,
,,,,,,,,,,,,,,,,,,,,,,,,,,,,,
,,,,,,,,,,,,,,,,,,,,,,,,,,,,,
,,,,,,,,,,,,,,,,,,,,,,,,,,,,,
,,,,,,,,,,,,,,,,,,,,,,,,,,,,,
,,,,,,,,,,,,,,,,,,,,,,,,,,,,,
,,,,,,,,,,,,,,,,,,,,,,,,,,,,,
,,,,,,,,,,,,,,,,,,,,,,,,,,,,,
,,,,,,,,,,,,,,,,,,,,,,,,,,,,,
,,,,,,,,,,,,,,,,,,,,,,,,,,,,,
,,,,,,,,,,,,,,,,,,,,,,,,,,,,,
,,,,,,,,,,,,,,,,,,,,,,,,,,,,,
,,,,,,,,,,,,,,,,,,,,,,,,,,,,,
,,,,,,,,,,,,,,,,,,,,,,,,,,,,,
,,,,,,,,,,,,,,,,,,,,,,,,,,,,,
,,,,,,,,,,,,,,,,,,,,,,,,,,,,,
,,,,,,,,,,,,,,,,,,,,,,,,,,,,,
,,,,,,,,,,,,,,,,,,,,,,,,,,,,,
,,,,,,,,,,,,,,,,,,,,,,,,,,,,,
,,,,,,,,,,,,,,,,,,,,,,,,,,,,,
,,,,,,,,,,,,,,,,,,,,,,,,,,,,,
,,,,,,,,,,,,,,,,,,,,,,,,,,,,,
,,,,,,,,,,,,,,,,,,,,,,,,,,,,,
,,,,,,,,,,,,,,,,,,,,,,,,,,,,,
,,,,,,,,,,,,,,,,,,,,,,,,,,,,,
,,,,,,,,,,,,,,,,,,,,,,,,,,,,,
,,,,,,,,,,,,,,,,,,,,,,,,,,,,,
,,,,,,,,,,,,,,,,,,,,,,,,,,,,,
,,,,,,,,,,,,,,,,,,,,,,,,,,,,,
,,,,,,,,,,,,,,,,,,,,,,,,,,,,,
,,,,,,,,,,,,,,,,,,,,,,,,,,,,,
,,,,,,,,,,,,,,,,,,,,,,,,,,,,,
,,,,,,,,,,,,,,,,,,,,,,,,,,,,,
,,,,,,,,,,,,,,,,,,,,,,,,,,,,,
,,,,,,,,,,,,,,,,,,,,,,,,,,,,,
,,,,,,,,,,,,,,,,,,,,,,,,,,,,,
,,,,,,,,,,,,,,,,,,,,,,,,,,,,,
,,,,,,,,,,,,,,,,,,,,,,,,,,,,,
,,,,,,,,,,,,,,,,,,,,,,,,,,,,,
,,,,,,,,,,,,,,,,,,,,,,,,,,,,,
,,,,,,,,,,,,,,,,,,,,,,,,,,,,,
,,,,,,,,,,,,,,,,,,,,,,,,,,,,,
,,,,,,,,,,,,,,,,,,,,,,,,,,,,,
,,,,,,,,,,,,,,,,,,,,,,,,,,,,,
,,,,,,,,,,,,,,,,,,,,,,,,,,,,,
,,,,,,,,,,,,,,,,,,,,,,,,,,,,,
,,,,,,,,,,,,,,,,,,,,,,,,,,,,,
,,,,,,,,,,,,,,,,,,,,,,,,,,,,,
,,,,,,,,,,,,,,,,,,,,,,,,,,,,,
,,,,,,,,,,,,,,,,,,,,,,,,,,,,,
,,,,,,,,,,,,,,,,,,,,,,,,,,,,,
,,,,,,,,,,,,,,,,,,,,,,,,,,,,,
,,,,,,,,,,,,,,,,,,,,,,,,,,,,,
,,,,,,,,,,,,,,,,,,,,,,,,,,,,,
,,,,,,,,,,,,,,,,,,,,,,,,,,,,,
,,,,,,,,,,,,,,,,,,,,,,,,,,,,,
,,,,,,,,,,,,,,,,,,,,,,,,,,,,,
,,,,,,,,,,,,,,,,,,,,,,,,,,,,,
,,,,,,,,,,,,,,,,,,,,,,,,,,,,,
,,,,,,,,,,,,,,,,,,,,,,,,,,,,,
,,,,,,,,,,,,,,,,,,,,,,,,,,,,,
,,,,,,,,,,,,,,,,,,,,,,,,,,,,,
,,,,,,,,,,,,,,,,,,,,,,,,,,,,,
,,,,,,,,,,,,,,,,,,,,,,,,,,,,,
,,,,,,,,,,,,,,,,,,,,,,,,,,,,,
,,,,,,,,,,,,,,,,,,,,,,,,,,,,,
,,,,,,,,,,,,,,,,,,,,,,,,,,,,,
,,,,,,,,,,,,,,,,,,,,,,,,,,,,,
,,,,,,,,,,,,,,,,,,,,,,,,,,,,,
,,,,,,,,,,,,,,,,,,,,,,,,,,,,,
,,,,,,,,,,,,,,,,,,,,,,,,,,,,,
,,,,,,,,,,,,,,,,,,,,,,,,,,,,,
,,,,,,,,,,,,,,,,,,,,,,,,,,,,,
,,,,,,,,,,,,,,,,,,,,,,,,,,,,,
,,,,,,,,,,,,,,,,,,,,,,,,,,,,,
,,,,,,,,,,,,,,,,,,,,,,,,,,,,,
,,,,,,,,,,,,,,,,,,,,,,,,,,,,,
,,,,,,,,,,,,,,,,,,,,,,,,,,,,,
,,,,,,,,,,,,,,,,,,,,,,,,,,,,,
,,,,,,,,,,,,,,,,,,,,,,,,,,,,,
,,,,,,,,,,,,,,,,,,,,,,,,,,,,,
,,,,,,,,,,,,,,,,,,,,,,,,,,,,,
,,,,,,,,,,,,,,,,,,,,,,,,,,,,,
,,,,,,,,,,,,,,,,,,,,,,,,,,,,,
,,,,,,,,,,,,,,,,,,,,,,,,,,,,,
,,,,,,,,,,,,,,,,,,,,,,,,,,,,,
,,,,,,,,,,,,,,,,,,,,,,,,,,,,,
,,,,,,,,,,,,,,,,,,,,,,,,,,,,,
,,,,,,,,,,,,,,,,,,,,,,,,,,,,,
,,,,,,,,,,,,,,,,,,,,,,,,,,,,,
,,,,,,,,,,,,,,,,,,,,,,,,,,,,,
,,,,,,,,,,,,,,,,,,,,,,,,,,,,,
,,,,,,,,,,,,,,,,,,,,,,,,,,,,,
,,,,,,,,,,,,,,,,,,,,,,,,,,,,,
,,,,,,,,,,,,,,,,,,,,,,,,,,,,,
,,,,,,,,,,,,,,,,,,,,,,,,,,,,,
,,,,,,,,,,,,,,,,,,,,,,,,,,,,,
,,,,,,,,,,,,,,,,,,,,,,,,,,,,,
,,,,,,,,,,,,,,,,,,,,,,,,,,,,,
,,,,,,,,,,,,,,,,,,,,,,,,,,,,,
,,,,,,,,,,,,,,,,,,,,,,,,,,,,,
,,,,,,,,,,,,,,,,,,,,,,,,,,,,,
,,,,,,,,,,,,,,,,,,,,,,,,,,,,,
,,,,,,,,,,,,,,,,,,,,,,,,,,,,,
,,,,,,,,,,,,,,,,,,,,,,,,,,,,,
,,,,,,,,,,,,,,,,,,,,,,,,,,,,,
,,,,,,,,,,,,,,,,,,,,,,,,,,,,,
,,,,,,,,,,,,,,,,,,,,,,,,,,,,,
,,,,,,,,,,,,,,,,,,,,,,,,,,,,,
,,,,,,,,,,,,,,,,,,,,,,,,,,,,,
,,,,,,,,,,,,,,,,,,,,,,,,,,,,,
,,,,,,,,,,,,,,,,,,,,,,,,,,,,,
,,,,,,,,,,,,,,,,,,,,,,,,,,,,,
,,,,,,,,,,,,,,,,,,,,,,,,,,,,,
,,,,,,,,,,,,,,,,,,,,,,,,,,,,,
,,,,,,,,,,,,,,,,,,,,,,,,,,,,,
,,,,,,,,,,,,,,,,,,,,,,,,,,,,,
,,,,,,,,,,,,,,,,,,,,,,,,,,,,,
,,,,,,,,,,,,,,,,,,,,,,,,,,,,,
,,,,,,,,,,,,,,,,,,,,,,,,,,,,,
,,,,,,,,,,,,,,,,,,,,,,,,,,,,,
,,,,,,,,,,,,,,,,,,,,,,,,,,,,,
,,,,,,,,,,,,,,,,,,,,,,,,,,,,,
,,,,,,,,,,,,,,,,,,,,,,,,,,,,,
,,,,,,,,,,,,,,,,,,,,,,,,,,,,,
,,,,,,,,,,,,,,,,,,,,,,,,,,,,,
,,,,,,,,,,,,,,,,,,,,,,,,,,,,,
,,,,,,,,,,,,,,,,,,,,,,,,,,,,,
,,,,,,,,,,,,,,,,,,,,,,,,,,,,,
,,,,,,,,,,,,,,,,,,,,,,,,,,,,,
,,,,,,,,,,,,,,,,,,,,,,,,,,,,,
,,,,,,,,,,,,,,,,,,,,,,,,,,,,,
,,,,,,,,,,,,,,,,,,,,,,,,,,,,,
,,,,,,,,,,,,,,,,,,,,,,,,,,,,,
,,,,,,,,,,,,,,,,,,,,,,,,,,,,,
,,,,,,,,,,,,,,,,,,,,,,,,,,,,,
,,,,,,,,,,,,,,,,,,,,,,,,,,,,,
,,,,,,,,,,,,,,,,,,,,,,,,,,,,,
,,,,,,,,,,,,,,,,,,,,,,,,,,,,,
,,,,,,,,,,,,,,,,,,,,,,,,,,,,,
,,,,,,,,,,,,,,,,,,,,,,,,,,,,,
,,,,,,,,,,,,,,,,,,,,,,,,,,,,,
,,,,,,,,,,,,,,,,,,,,,,,,,,,,,
,,,,,,,,,,,,,,,,,,,,,,,,,,,,,
,,,,,,,,,,,,,,,,,,,,,,,,,,,,,
,,,,,,,,,,,,,,,,,,,,,,,,,,,,,
,,,,,,,,,,,,,,,,,,,,,,,,,,,,,
,,,,,,,,,,,,,,,,,,,,,,,,,,,,,
,,,,,,,,,,,,,,,,,,,,,,,,,,,,,
,,,,,,,,,,,,,,,,,,,,,,,,,,,,,
,,,,,,,,,,,,,,,,,,,,,,,,,,,,,
,,,,,,,,,,,,,,,,,,,,,,,,,,,,,
,,,,,,,,,,,,,,,,,,,,,,,,,,,,,
,,,,,,,,,,,,,,,,,,,,,,,,,,,,,
,,,,,,,,,,,,,,,,,,,,,,,,,,,,,
,,,,,,,,,,,,,,,,,,,,,,,,,,,,,
,,,,,,,,,,,,,,,,,,,,,,,,,,,,,
,,,,,,,,,,,,,,,,,,,,,,,,,,,,,
,,,,,,,,,,,,,,,,,,,,,,,,,,,,,
,,,,,,,,,,,,,,,,,,,,,,,,,,,,,
,,,,,,,,,,,,,,,,,,,,,,,,,,,,,
,,,,,,,,,,,,,,,,,,,,,,,,,,,,,
,,,,,,,,,,,,,,,,,,,,,,,,,,,,,
,,,,,,,,,,,,,,,,,,,,,,,,,,,,,
,,,,,,,,,,,,,,,,,,,,,,,,,,,,,
,,,,,,,,,,,,,,,,,,,,,,,,,,,,,
,,,,,,,,,,,,,,,,,,,,,,,,,,,,,
,,,,,,,,,,,,,,,,,,,,,,,,,,,,,
,,,,,,,,,,,,,,,,,,,,,,,,,,,,,
,,,,,,,,,,,,,,,,,,,,,,,,,,,,,
,,,,,,,,,,,,,,,,,,,,,,,,,,,,,
,,,,,,,,,,,,,,,,,,,,,,,,,,,,,
,,,,,,,,,,,,,,,,,,,,,,,,,,,,,
,,,,,,,,,,,,,,,,,,,,,,,,,,,,,
,,,,,,,,,,,,,,,,,,,,,,,,,,,,,
,,,,,,,,,,,,,,,,,,,,,,,,,,,,,
,,,,,,,,,,,,,,,,,,,,,,,,,,,,,
,,,,,,,,,,,,,,,,,,,,,,,,,,,,,
,,,,,,,,,,,,,,,,,,,,,,,,,,,,,
,,,,,,,,,,,,,,,,,,,,,,,,,,,,,
,,,,,,,,,,,,,,,,,,,,,,,,,,,,,
,,,,,,,,,,,,,,,,,,,,,,,,,,,,,
,,,,,,,,,,,,,,,,,,,,,,,,,,,,,
,,,,,,,,,,,,,,,,,,,,,,,,,,,,,
,,,,,,,,,,,,,,,,,,,,,,,,,,,,,
,,,,,,,,,,,,,,,,,,,,,,,,,,,,,
,,,,,,,,,,,,,,,,,,,,,,,,,,,,,
,,,,,,,,,,,,,,,,,,,,,,,,,,,,,
,,,,,,,,,,,,,,,,,,,,,,,,,,,,,
,,,,,,,,,,,,,,,,,,,,,,,,,,,,,
,,,,,,,,,,,,,,,,,,,,,,,,,,,,,
,,,,,,,,,,,,,,,,,,,,,,,,,,,,,
,,,,,,,,,,,,,,,,,,,,,,,,,,,,,
,,,,,,,,,,,,,,,,,,,,,,,,,,,,,
,,,,,,,,,,,,,,,,,,,,,,,,,,,,,
,,,,,,,,,,,,,,,,,,,,,,,,,,,,,
,,,,,,,,,,,,,,,,,,,,,,,,,,,,,
,,,,,,,,,,,,,,,,,,,,,,,,,,,,,
,,,,,,,,,,,,,,,,,,,,,,,,,,,,,
,,,,,,,,,,,,,,,,,,,,,,,,,,,,,
,,,,,,,,,,,,,,,,,,,,,,,,,,,,,
,,,,,,,,,,,,,,,,,,,,,,,,,,,,,
,,,,,,,,,,,,,,,,,,,,,,,,,,,,,
,,,,,,,,,,,,,,,,,,,,,,,,,,,,,
,,,,,,,,,,,,,,,,,,,,,,,,,,,,,
,,,,,,,,,,,,,,,,,,,,,,,,,,,,,
,,,,,,,,,,,,,,,,,,,,,,,,,,,,,
,,,,,,,,,,,,,,,,,,,,,,,,,,,,,
,,,,,,,,,,,,,,,,,,,,,,,,,,,,,
,,,,,,,,,,,,,,,,,,,,,,,,,,,,,
,,,,,,,,,,,,,,,,,,,,,,,,,,,,,
,,,,,,,,,,,,,,,,,,,,,,,,,,,,,
,,,,,,,,,,,,,,,,,,,,,,,,,,,,,
,,,,,,,,,,,,,,,,,,,,,,,,,,,,,
,,,,,,,,,,,,,,,,,,,,,,,,,,,,,
,,,,,,,,,,,,,,,,,,,,,,,,,,,,,
,,,,,,,,,,,,,,,,,,,,,,,,,,,,,
,,,,,,,,,,,,,,,,,,,,,,,,,,,,,
,,,,,,,,,,,,,,,,,,,,,,,,,,,,,
,,,,,,,,,,,,,,,,,,,,,,,,,,,,,
,,,,,,,,,,,,,,,,,,,,,,,,,,,,,
,,,,,,,,,,,,,,,,,,,,,,,,,,,,,
,,,,,,,,,,,,,,,,,,,,,,,,,,,,,
,,,,,,,,,,,,,,,,,,,,,,,,,,,,,
,,,,,,,,,,,,,,,,,,,,,,,,,,,,,
,,,,,,,,,,,,,,,,,,,,,,,,,,,,,
,,,,,,,,,,,,,,,,,,,,,,,,,,,,,
,,,,,,,,,,,,,,,,,,,,,,,,,,,,,
,,,,,,,,,,,,,,,,,,,,,,,,,,,,,
,,,,,,,,,,,,,,,,,,,,,,,,,,,,,
,,,,,,,,,,,,,,,,,,,,,,,,,,,,,
,,,,,,,,,,,,,,,,,,,,,,,,,,,,,
,,,,,,,,,,,,,,,,,,,,,,,,,,,,,
,,,,,,,,,,,,,,,,,,,,,,,,,,,,,
,,,,,,,,,,,,,,,,,,,,,,,,,,,,,
,,,,,,,,,,,,,,,,,,,,,,,,,,,,,
,,,,,,,,,,,,,,,,,,,,,,,,,,,,,
,,,,,,,,,,,,,,,,,,,,,,,,,,,,,
,,,,,,,,,,,,,,,,,,,,,,,,,,,,,
,,,,,,,,,,,,,,,,,,,,,,,,,,,,,
,,,,,,,,,,,,,,,,,,,,,,,,,,,,,
,,,,,,,,,,,,,,,,,,,,,,,,,,,,,
,,,,,,,,,,,,,,,,,,,,,,,,,,,,,
,,,,,,,,,,,,,,,,,,,,,,,,,,,,,
,,,,,,,,,,,,,,,,,,,,,,,,,,,,,
,,,,,,,,,,,,,,,,,,,,,,,,,,,,,
,,,,,,,,,,,,,,,,,,,,,,,,,,,,,
,,,,,,,,,,,,,,,,,,,,,,,,,,,,,
,,,,,,,,,,,,,,,,,,,,,,,,,,,,,
,,,,,,,,,,,,,,,,,,,,,,,,,,,,,
,,,,,,,,,,,,,,,,,,,,,,,,,,,,,
,,,,,,,,,,,,,,,,,,,,,,,,,,,,,
,,,,,,,,,,,,,,,,,,,,,,,,,,,,,
,,,,,,,,,,,,,,,,,,,,,,,,,,,,,
,,,,,,,,,,,,,,,,,,,,,,,,,,,,,
,,,,,,,,,,,,,,,,,,,,,,,,,,,,,
,,,,,,,,,,,,,,,,,,,,,,,,,,,,,
,,,,,,,,,,,,,,,,,,,,,,,,,,,,,
,,,,,,,,,,,,,,,,,,,,,,,,,,,,,
,,,,,,,,,,,,,,,,,,,,,,,,,,,,,
,,,,,,,,,,,,,,,,,,,,,,,,,,,,,
,,,,,,,,,,,,,,,,,,,,,,,,,,,,,
,,,,,,,,,,,,,,,,,,,,,,,,,,,,,
,,,,,,,,,,,,,,,,,,,,,,,,,,,,,
,,,,,,,,,,,,,,,,,,,,,,,,,,,,,
,,,,,,,,,,,,,,,,,,,,,,,,,,,,,
,,,,,,,,,,,,,,,,,,,,,,,,,,,,,
,,,,,,,,,,,,,,,,,,,,,,,,,,,,,
,,,,,,,,,,,,,,,,,,,,,,,,,,,,,
,,,,,,,,,,,,,,,,,,,,,,,,,,,,,
,,,,,,,,,,,,,,,,,,,,,,,,,,,,,
,,,,,,,,,,,,,,,,,,,,,,,,,,,,,
,,,,,,,,,,,,,,,,,,,,,,,,,,,,,
,,,,,,,,,,,,,,,,,,,,,,,,,,,,,
,,,,,,,,,,,,,,,,,,,,,,,,,,,,,
,,,,,,,,,,,,,,,,,,,,,,,,,,,,,
,,,,,,,,,,,,,,,,,,,,,,,,,,,,,
,,,,,,,,,,,,,,,,,,,,,,,,,,,,,
,,,,,,,,,,,,,,,,,,,,,,,,,,,,,
,,,,,,,,,,,,,,,,,,,,,,,,,,,,,
,,,,,,,,,,,,,,,,,,,,,,,,,,,,,
,,,,,,,,,,,,,,,,,,,,,,,,,,,,,
,,,,,,,,,,,,,,,,,,,,,,,,,,,,,
,,,,,,,,,,,,,,,,,,,,,,,,,,,,,
,,,,,,,,,,,,,,,,,,,,,,,,,,,,,
,,,,,,,,,,,,,,,,,,,,,,,,,,,,,
,,,,,,,,,,,,,,,,,,,,,,,,,,,,,
,,,,,,,,,,,,,,,,,,,,,,,,,,,,,
,,,,,,,,,,,,,,,,,,,,,,,,,,,,,
,,,,,,,,,,,,,,,,,,,,,,,,,,,,,
,,,,,,,,,,,,,,,,,,,,,,,,,,,,,
,,,,,,,,,,,,,,,,,,,,,,,,,,,,,
,,,,,,,,,,,,,,,,,,,,,,,,,,,,,
,,,,,,,,,,,,,,,,,,,,,,,,,,,,,
,,,,,,,,,,,,,,,,,,,,,,,,,,,,,
,,,,,,,,,,,,,,,,,,,,,,,,,,,,,